date,sector,slug,aspect_deg,terrain_source,basis,sun_from,sun_to,sun_hours,interruptions
2026-03-20,Turm der Schmächtigen,turm_der_schmaechtigen,248.4,estimated_from_waypoints,estimated_aspect,11:20,18:00,6.8,
2026-03-20,Turm der Mächtigen,turm_der_maechtigen,260.3,estimated_from_waypoints,estimated_aspect,12:00,18:00,6.2,
2026-03-20,Mittlerer Sägezahn,mittlerer_saegezahn,171.0,estimated_from_waypoints,estimated_aspect,06:10,16:50,10.8,
2026-03-20,Reibeisen,reibeisen,148.5,estimated_from_waypoints,estimated_aspect,06:10,15:00,9.0,
2026-03-20,Häuptling,haeuptling,148.5,estimated_from_waypoints,estimated_aspect,06:10,15:00,9.0,
2026-03-20,Plattenspitz,plattenspitz,161.6,estimated_from_waypoints,estimated_aspect,06:10,16:00,10.0,
2026-03-20,Donauturm,donauturm,171.0,estimated_from_waypoints,estimated_aspect,06:10,16:50,10.8,
2026-03-20,Gotifels,gotifels,248.4,estimated_from_waypoints,estimated_aspect,11:20,18:00,6.8,
2026-03-20,Dreifingerspitze,dreifingerspitze,248.4,estimated_from_waypoints,estimated_aspect,11:20,18:00,6.8,
2026-03-20,Hahnenkamm,hahnenkamm,237.5,estimated_from_waypoints,estimated_aspect,10:50,18:00,7.3,
2026-03-20,Ruachlafelsen,ruachlafelsen,171.7,estimated_from_waypoints,estimated_aspect,06:10,16:50,10.8,
2026-03-20,Splitterturm,splitterturm,168.8,estimated_from_waypoints,estimated_aspect,06:10,16:40,10.7,
2026-03-20,WZ-Kind,wz_kind,170.9,estimated_from_waypoints,estimated_aspect,06:10,16:50,10.8,
2026-03-20,Steinbruch,steinbruch,211.7,estimated_from_waypoints,estimated_aspect,09:10,18:00,9.0,
2026-03-20,Dickkopf,dickkopf,171.0,estimated_from_waypoints,estimated_aspect,06:10,16:50,10.8,
2026-03-20,Däumling,daeumling,171.0,estimated_from_waypoints,estimated_aspect,06:10,16:50,10.8,
2026-03-20,Rawazzerfels,rawazzerfels,217.4,estimated_from_waypoints,estimated_aspect,09:30,18:00,8.7,
2026-03-20,Hörnliturm und Plattenwandl,hoernliturm_und_plattenwandl,208.9,estimated_from_waypoints,estimated_aspect,09:00,18:00,9.2,
2026-03-20,Geisterschiff,geisterschiff,208.9,estimated_from_waypoints,estimated_aspect,09:00,18:00,9.2,
2026-03-20,Pentagonfels,pentagonfels,226.2,estimated_from_waypoints,estimated_aspect,10:10,18:00,8.0,
2026-03-20,Sitting Bull,sitting_bull,241.1,estimated_from_waypoints,estimated_aspect,11:00,18:00,7.2,
2026-03-20,Fratzofels,fratzofels,241.1,estimated_from_waypoints,estimated_aspect,11:00,18:00,7.2,
2026-03-20,Omas Kegel und Fratzofels,omas_kegel_und_fratzofels,241.1,estimated_from_waypoints,estimated_aspect,11:00,18:00,7.2,
2026-03-20,Vergessener Turm,vergessener_turm,241.1,estimated_from_waypoints,estimated_aspect,11:00,18:00,7.2,
2026-03-20,Bettinaturm,bettinaturm,241.1,estimated_from_waypoints,estimated_aspect,11:00,18:00,7.2,
2026-03-20,Schwarzer Turm,schwarzer_turm,241.1,estimated_from_waypoints,estimated_aspect,11:00,18:00,7.2,
2026-03-20,Namenloser Turm,namenloser_turm,241.1,estimated_from_waypoints,estimated_aspect,11:00,18:00,7.2,
2026-03-20,Turm jenseits des Tales,turm_jenseits_des_tales,121.9,estimated_from_waypoints,estimated_aspect,06:10,13:20,7.3,
2026-03-20,Wachauergrat,wachauergrat,188.5,estimated_from_waypoints,estimated_aspect,07:20,18:00,10.8,
2026-03-20,Don-Bosco-Grat,don_bosco_grat,188.5,estimated_from_waypoints,estimated_aspect,07:20,18:00,10.8,
2026-03-20,Don-Bosco-Grat,don_bosco_grat,188.5,estimated_from_waypoints,estimated_aspect,07:20,18:00,10.8,
2026-03-20,Donna Rossa,donna_rossa,188.5,estimated_from_waypoints,estimated_aspect,07:20,18:00,10.8,
2026-03-20,Ruck-Zuck Wandl,ruck_zuck_wandl,,unreliable_sectors_too_far_apart,open_sky_no_aspect,06:10,18:00,12.0,
2026-03-20,Piratalwand,piratalwand,,unreliable_sectors_too_far_apart,open_sky_no_aspect,06:10,18:00,12.0,
2026-03-20,Nasenwand,nasenwand,,unreliable_sectors_too_far_apart,open_sky_no_aspect,06:10,18:00,12.0,
2026-03-20,Upper Sector,upper_sector,121.9,estimated_from_waypoints,estimated_aspect,06:10,13:20,7.3,
2026-03-20,Lower Sector,lower_sector,121.9,estimated_from_waypoints,estimated_aspect,06:10,13:20,7.3,
2026-03-20,Civetta,civetta,121.9,estimated_from_waypoints,estimated_aspect,06:10,13:20,7.3,
2026-06-21,Turm der Schmächtigen,turm_der_schmaechtigen,248.4,estimated_from_waypoints,estimated_aspect,12:30,20:50,8.5,
2026-06-21,Turm der Mächtigen,turm_der_maechtigen,260.3,estimated_from_waypoints,estimated_aspect,13:00,20:50,8.0,
2026-06-21,Mittlerer Sägezahn,mittlerer_saegezahn,171.0,estimated_from_waypoints,estimated_aspect,08:10,16:20,8.3,
2026-06-21,Reibeisen,reibeisen,148.5,estimated_from_waypoints,estimated_aspect,06:00,14:50,9.0,
2026-06-21,Häuptling,haeuptling,148.5,estimated_from_waypoints,estimated_aspect,06:00,14:50,9.0,
2026-06-21,Plattenspitz,plattenspitz,161.6,estimated_from_waypoints,estimated_aspect,07:20,15:40,8.5,
2026-06-21,Donauturm,donauturm,171.0,estimated_from_waypoints,estimated_aspect,08:10,16:20,8.3,
2026-06-21,Gotifels,gotifels,248.4,estimated_from_waypoints,estimated_aspect,12:30,20:50,8.5,
2026-06-21,Dreifingerspitze,dreifingerspitze,248.4,estimated_from_waypoints,estimated_aspect,12:30,20:50,8.5,
2026-06-21,Hahnenkamm,hahnenkamm,237.5,estimated_from_waypoints,estimated_aspect,12:10,20:50,8.8,
2026-06-21,Ruachlafelsen,ruachlafelsen,171.7,estimated_from_waypoints,estimated_aspect,08:20,16:20,8.2,
2026-06-21,Splitterturm,splitterturm,168.8,estimated_from_waypoints,estimated_aspect,08:00,16:10,8.3,
2026-06-21,WZ-Kind,wz_kind,170.9,estimated_from_waypoints,estimated_aspect,08:10,16:10,8.2,
2026-06-21,Steinbruch,steinbruch,211.7,estimated_from_waypoints,estimated_aspect,11:10,20:00,9.0,
2026-06-21,Dickkopf,dickkopf,171.0,estimated_from_waypoints,estimated_aspect,08:10,16:20,8.3,
2026-06-21,Däumling,daeumling,171.0,estimated_from_waypoints,estimated_aspect,08:10,16:20,8.3,
2026-06-21,Rawazzerfels,rawazzerfels,217.4,estimated_from_waypoints,estimated_aspect,11:20,20:30,9.3,
2026-06-21,Hörnliturm und Plattenwandl,hoernliturm_und_plattenwandl,208.9,estimated_from_waypoints,estimated_aspect,11:00,19:40,8.8,
2026-06-21,Geisterschiff,geisterschiff,208.9,estimated_from_waypoints,estimated_aspect,11:00,19:40,8.8,
2026-06-21,Pentagonfels,pentagonfels,226.2,estimated_from_waypoints,estimated_aspect,11:50,20:50,9.2,
2026-06-21,Sitting Bull,sitting_bull,241.1,estimated_from_waypoints,estimated_aspect,12:20,20:50,8.7,
2026-06-21,Fratzofels,fratzofels,241.1,estimated_from_waypoints,estimated_aspect,12:20,20:50,8.7,
2026-06-21,Omas Kegel und Fratzofels,omas_kegel_und_fratzofels,241.1,estimated_from_waypoints,estimated_aspect,12:20,20:50,8.7,
2026-06-21,Vergessener Turm,vergessener_turm,241.1,estimated_from_waypoints,estimated_aspect,12:20,20:50,8.7,
2026-06-21,Bettinaturm,bettinaturm,241.1,estimated_from_waypoints,estimated_aspect,12:20,20:50,8.7,
2026-06-21,Schwarzer Turm,schwarzer_turm,241.1,estimated_from_waypoints,estimated_aspect,12:20,20:50,8.7,
2026-06-21,Namenloser Turm,namenloser_turm,241.1,estimated_from_waypoints,estimated_aspect,12:20,20:50,8.7,
2026-06-21,Turm jenseits des Tales,turm_jenseits_des_tales,121.9,estimated_from_waypoints,estimated_aspect,05:10,13:50,8.8,
2026-06-21,Wachauergrat,wachauergrat,188.5,estimated_from_waypoints,estimated_aspect,09:40,17:40,8.2,
2026-06-21,Don-Bosco-Grat,don_bosco_grat,188.5,estimated_from_waypoints,estimated_aspect,09:40,17:40,8.2,
2026-06-21,Don-Bosco-Grat,don_bosco_grat,188.5,estimated_from_waypoints,estimated_aspect,09:40,17:40,8.2,
2026-06-21,Donna Rossa,donna_rossa,188.5,estimated_from_waypoints,estimated_aspect,09:40,17:40,8.2,
2026-06-21,Ruck-Zuck Wandl,ruck_zuck_wandl,,unreliable_sectors_too_far_apart,open_sky_no_aspect,05:10,20:50,15.8,
2026-06-21,Piratalwand,piratalwand,,unreliable_sectors_too_far_apart,open_sky_no_aspect,05:10,20:50,15.8,
2026-06-21,Nasenwand,nasenwand,,unreliable_sectors_too_far_apart,open_sky_no_aspect,05:10,20:50,15.8,
2026-06-21,Upper Sector,upper_sector,121.9,estimated_from_waypoints,estimated_aspect,05:10,13:50,8.8,
2026-06-21,Lower Sector,lower_sector,121.9,estimated_from_waypoints,estimated_aspect,05:10,13:50,8.8,
2026-06-21,Civetta,civetta,121.9,estimated_from_waypoints,estimated_aspect,05:10,13:50,8.8,
2026-09-22,Turm der Schmächtigen,turm_der_schmaechtigen,248.4,estimated_from_waypoints,estimated_aspect,12:10,18:50,6.8,
2026-09-22,Turm der Mächtigen,turm_der_maechtigen,260.3,estimated_from_waypoints,estimated_aspect,12:40,18:50,6.3,
2026-09-22,Mittlerer Sägezahn,mittlerer_saegezahn,171.0,estimated_from_waypoints,estimated_aspect,06:50,17:30,10.8,
2026-09-22,Reibeisen,reibeisen,148.5,estimated_from_waypoints,estimated_aspect,06:50,15:50,9.2,
2026-09-22,Häuptling,haeuptling,148.5,estimated_from_waypoints,estimated_aspect,06:50,15:50,9.2,
2026-09-22,Plattenspitz,plattenspitz,161.6,estimated_from_waypoints,estimated_aspect,06:50,16:40,10.0,
2026-09-22,Donauturm,donauturm,171.0,estimated_from_waypoints,estimated_aspect,06:50,17:30,10.8,
2026-09-22,Gotifels,gotifels,248.4,estimated_from_waypoints,estimated_aspect,12:10,18:50,6.8,
2026-09-22,Dreifingerspitze,dreifingerspitze,248.4,estimated_from_waypoints,estimated_aspect,12:10,18:50,6.8,
2026-09-22,Hahnenkamm,hahnenkamm,237.5,estimated_from_waypoints,estimated_aspect,11:30,18:50,7.5,
2026-09-22,Ruachlafelsen,ruachlafelsen,171.7,estimated_from_waypoints,estimated_aspect,06:50,17:30,10.8,
2026-09-22,Splitterturm,splitterturm,168.8,estimated_from_waypoints,estimated_aspect,06:50,17:20,10.7,
2026-09-22,WZ-Kind,wz_kind,170.9,estimated_from_waypoints,estimated_aspect,06:50,17:30,10.8,
2026-09-22,Steinbruch,steinbruch,211.7,estimated_from_waypoints,estimated_aspect,10:00,18:50,9.0,
2026-09-22,Dickkopf,dickkopf,171.0,estimated_from_waypoints,estimated_aspect,06:50,17:30,10.8,
2026-09-22,Däumling,daeumling,171.0,estimated_from_waypoints,estimated_aspect,06:50,17:30,10.8,
2026-09-22,Rawazzerfels,rawazzerfels,217.4,estimated_from_waypoints,estimated_aspect,10:20,18:50,8.7,
2026-09-22,Hörnliturm und Plattenwandl,hoernliturm_und_plattenwandl,208.9,estimated_from_waypoints,estimated_aspect,09:40,18:50,9.3,
2026-09-22,Geisterschiff,geisterschiff,208.9,estimated_from_waypoints,estimated_aspect,09:40,18:50,9.3,
2026-09-22,Pentagonfels,pentagonfels,226.2,estimated_from_waypoints,estimated_aspect,10:50,18:50,8.2,
2026-09-22,Sitting Bull,sitting_bull,241.1,estimated_from_waypoints,estimated_aspect,11:40,18:50,7.3,
2026-09-22,Fratzofels,fratzofels,241.1,estimated_from_waypoints,estimated_aspect,11:40,18:50,7.3,
2026-09-22,Omas Kegel und Fratzofels,omas_kegel_und_fratzofels,241.1,estimated_from_waypoints,estimated_aspect,11:40,18:50,7.3,
2026-09-22,Vergessener Turm,vergessener_turm,241.1,estimated_from_waypoints,estimated_aspect,11:40,18:50,7.3,
2026-09-22,Bettinaturm,bettinaturm,241.1,estimated_from_waypoints,estimated_aspect,11:40,18:50,7.3,
2026-09-22,Schwarzer Turm,schwarzer_turm,241.1,estimated_from_waypoints,estimated_aspect,11:40,18:50,7.3,
2026-09-22,Namenloser Turm,namenloser_turm,241.1,estimated_from_waypoints,estimated_aspect,11:40,18:50,7.3,
2026-09-22,Turm jenseits des Tales,turm_jenseits_des_tales,121.9,estimated_from_waypoints,estimated_aspect,06:50,14:10,7.5,
2026-09-22,Wachauergrat,wachauergrat,188.5,estimated_from_waypoints,estimated_aspect,08:10,18:50,10.8,
2026-09-22,Don-Bosco-Grat,don_bosco_grat,188.5,estimated_from_waypoints,estimated_aspect,08:10,18:50,10.8,
2026-09-22,Don-Bosco-Grat,don_bosco_grat,188.5,estimated_from_waypoints,estimated_aspect,08:10,18:50,10.8,
2026-09-22,Donna Rossa,donna_rossa,188.5,estimated_from_waypoints,estimated_aspect,08:10,18:50,10.8,
2026-09-22,Ruck-Zuck Wandl,ruck_zuck_wandl,,unreliable_sectors_too_far_apart,open_sky_no_aspect,06:50,18:50,12.2,
2026-09-22,Piratalwand,piratalwand,,unreliable_sectors_too_far_apart,open_sky_no_aspect,06:50,18:50,12.2,
2026-09-22,Nasenwand,nasenwand,,unreliable_sectors_too_far_apart,open_sky_no_aspect,06:50,18:50,12.2,
2026-09-22,Upper Sector,upper_sector,121.9,estimated_from_waypoints,estimated_aspect,06:50,14:10,7.5,
2026-09-22,Lower Sector,lower_sector,121.9,estimated_from_waypoints,estimated_aspect,06:50,14:10,7.5,
2026-09-22,Civetta,civetta,121.9,estimated_from_waypoints,estimated_aspect,06:50,14:10,7.5,
2026-12-21,Turm der Schmächtigen,turm_der_schmaechtigen,248.4,estimated_from_waypoints,estimated_aspect,10:50,15:50,5.2,
2026-12-21,Turm der Mächtigen,turm_der_maechtigen,260.3,estimated_from_waypoints,estimated_aspect,11:40,15:50,4.3,
2026-12-21,Mittlerer Sägezahn,mittlerer_saegezahn,171.0,estimated_from_waypoints,estimated_aspect,08:00,15:50,8.0,
2026-12-21,Reibeisen,reibeisen,148.5,estimated_from_waypoints,estimated_aspect,08:00,15:50,8.0,
2026-12-21,Häuptling,haeuptling,148.5,estimated_from_waypoints,estimated_aspect,08:00,15:50,8.0,
2026-12-21,Plattenspitz,plattenspitz,161.6,estimated_from_waypoints,estimated_aspect,08:00,15:50,8.0,
2026-12-21,Donauturm,donauturm,171.0,estimated_from_waypoints,estimated_aspect,08:00,15:50,8.0,
2026-12-21,Gotifels,gotifels,248.4,estimated_from_waypoints,estimated_aspect,10:50,15:50,5.2,
2026-12-21,Dreifingerspitze,dreifingerspitze,248.4,estimated_from_waypoints,estimated_aspect,10:50,15:50,5.2,
2026-12-21,Hahnenkamm,hahnenkamm,237.5,estimated_from_waypoints,estimated_aspect,10:00,15:50,6.0,
2026-12-21,Ruachlafelsen,ruachlafelsen,171.7,estimated_from_waypoints,estimated_aspect,08:00,15:50,8.0,
2026-12-21,Splitterturm,splitterturm,168.8,estimated_from_waypoints,estimated_aspect,08:00,15:50,8.0,
2026-12-21,WZ-Kind,wz_kind,170.9,estimated_from_waypoints,estimated_aspect,08:00,15:50,8.0,
2026-12-21,Steinbruch,steinbruch,211.7,estimated_from_waypoints,estimated_aspect,08:00,15:50,8.0,
2026-12-21,Dickkopf,dickkopf,171.0,estimated_from_waypoints,estimated_aspect,08:00,15:50,8.0,
2026-12-21,Däumling,daeumling,171.0,estimated_from_waypoints,estimated_aspect,08:00,15:50,8.0,
2026-12-21,Rawazzerfels,rawazzerfels,217.4,estimated_from_waypoints,estimated_aspect,08:30,15:50,7.5,
2026-12-21,Hörnliturm und Plattenwandl,hoernliturm_und_plattenwandl,208.9,estimated_from_waypoints,estimated_aspect,08:00,15:50,8.0,
2026-12-21,Geisterschiff,geisterschiff,208.9,estimated_from_waypoints,estimated_aspect,08:00,15:50,8.0,
2026-12-21,Pentagonfels,pentagonfels,226.2,estimated_from_waypoints,estimated_aspect,09:10,15:50,6.8,
2026-12-21,Sitting Bull,sitting_bull,241.1,estimated_from_waypoints,estimated_aspect,10:20,15:50,5.7,
2026-12-21,Fratzofels,fratzofels,241.1,estimated_from_waypoints,estimated_aspect,10:20,15:50,5.7,
2026-12-21,Omas Kegel und Fratzofels,omas_kegel_und_fratzofels,241.1,estimated_from_waypoints,estimated_aspect,10:20,15:50,5.7,
2026-12-21,Vergessener Turm,vergessener_turm,241.1,estimated_from_waypoints,estimated_aspect,10:20,15:50,5.7,
2026-12-21,Bettinaturm,bettinaturm,241.1,estimated_from_waypoints,estimated_aspect,10:20,15:50,5.7,
2026-12-21,Schwarzer Turm,schwarzer_turm,241.1,estimated_from_waypoints,estimated_aspect,10:20,15:50,5.7,
2026-12-21,Namenloser Turm,namenloser_turm,241.1,estimated_from_waypoints,estimated_aspect,10:20,15:50,5.7,
2026-12-21,Turm jenseits des Tales,turm_jenseits_des_tales,121.9,estimated_from_waypoints,estimated_aspect,08:00,13:50,6.0,
2026-12-21,Wachauergrat,wachauergrat,188.5,estimated_from_waypoints,estimated_aspect,08:00,15:50,8.0,
2026-12-21,Don-Bosco-Grat,don_bosco_grat,188.5,estimated_from_waypoints,estimated_aspect,08:00,15:50,8.0,
2026-12-21,Don-Bosco-Grat,don_bosco_grat,188.5,estimated_from_waypoints,estimated_aspect,08:00,15:50,8.0,
2026-12-21,Donna Rossa,donna_rossa,188.5,estimated_from_waypoints,estimated_aspect,08:00,15:50,8.0,
2026-12-21,Ruck-Zuck Wandl,ruck_zuck_wandl,,unreliable_sectors_too_far_apart,open_sky_no_aspect,08:00,15:50,8.0,
2026-12-21,Piratalwand,piratalwand,,unreliable_sectors_too_far_apart,open_sky_no_aspect,08:00,15:50,8.0,
2026-12-21,Nasenwand,nasenwand,,unreliable_sectors_too_far_apart,open_sky_no_aspect,08:00,15:50,8.0,
2026-12-21,Upper Sector,upper_sector,121.9,estimated_from_waypoints,estimated_aspect,08:00,13:50,6.0,
2026-12-21,Lower Sector,lower_sector,121.9,estimated_from_waypoints,estimated_aspect,08:00,13:50,6.0,
2026-12-21,Civetta,civetta,121.9,estimated_from_waypoints,estimated_aspect,08:00,13:50,6.0,
