batchRecordId,name,grade,gradeBand,region,area,crag,sector,wall,number,page,rowKey,sourceImage,ocrStatus,confidence,canonicalExactMatch,canonicalGrade,gradeAlignment,sourceApproval,reconciliationStatus,verificationStatus,canonicalWrite,websiteMainDatasetWrite,publishReady,requiredAction
GBR-20260801-0001,NOSE,6+,UIAA 5–7,Peilstein,Peilstein,Thalhofgraben,Klapf,Klapf,254,241,Peilstein | Klapf | NOSE,image-6.jpg,Readable — manual transcription,85,No,,No exact Row Key,APPROVED_2026-08-01,TAXONOMY_HOLD,provisional,NO,NO,false,Confirm Peilstein/Thalhofgraben taxonomy against contents or title pages.
GBR-20260801-0002,SCHEISSWIND,6+,UIAA 5–7,Peilstein,Peilstein,Thalhofgraben,Klapf,Klapf,255,241,Peilstein | Klapf | SCHEISSWIND,image-6.jpg,Readable — manual transcription,85,No,,No exact Row Key,APPROVED_2026-08-01,TAXONOMY_HOLD,provisional,NO,NO,false,Confirm Peilstein/Thalhofgraben taxonomy against contents or title pages.
GBR-20260801-0003,PROST,6+/7-,UIAA 5–7,Peilstein,Peilstein,Thalhofgraben,Klapf,Klapf,256,241,Peilstein | Klapf | PROST,image-6.jpg,Readable — manual transcription,85,No,,No exact Row Key,APPROVED_2026-08-01,TAXONOMY_HOLD,provisional,NO,NO,false,Confirm Peilstein/Thalhofgraben taxonomy against contents or title pages.
GBR-20260801-0004,HEUSCHRECKE,5+,UIAA 5–7,Peilstein,Peilstein,Thalhofgraben,Klapf,Klapf,257,241,Peilstein | Klapf | HEUSCHRECKE,image-6.jpg,Readable — manual transcription,85,No,,No exact Row Key,APPROVED_2026-08-01,TAXONOMY_HOLD,provisional,NO,NO,false,Confirm Peilstein/Thalhofgraben taxonomy against contents or title pages.
GBR-20260801-0005,JAU BROSCH,4,UIAA 1–4,Peilstein,Peilstein,Thalhofgraben,Klapf,Klapf,258,241,Peilstein | Klapf | JAU BROSCH,image-6.jpg,Readable — manual transcription,85,No,,No exact Row Key,APPROVED_2026-08-01,TAXONOMY_HOLD,provisional,NO,NO,false,Confirm Peilstein/Thalhofgraben taxonomy against contents or title pages.
GBR-20260801-0006,KNÖTTE,3+,UIAA 1–4,Peilstein,Peilstein,Thalhofgraben,Klapf,Klapf,259,241,Peilstein | Klapf | KNÖTTE,image-6.jpg,Readable — manual transcription,85,No,,No exact Row Key,APPROVED_2026-08-01,TAXONOMY_HOLD,provisional,NO,NO,false,Confirm Peilstein/Thalhofgraben taxonomy against contents or title pages.
GBR-20260801-0007,BLINDSCHLEICHE,3?,UIAA 1–4,Peilstein,Peilstein,Thalhofgraben,Klapf,Klapf,260,241,Peilstein | Klapf | BLINDSCHLEICHE,image-6.jpg,Review required,70,No,,No exact Row Key,APPROVED_2026-08-01,OCR_HOLD,provisional,NO,NO,false,Confirm the printed name or grade from the full-resolution source.
GBR-20260801-0008,NORMALWEG,2,UIAA 1–4,Peilstein,Peilstein,Thalhofgraben,Klapf,Klapf,261,241,Peilstein | Klapf | NORMALWEG,image-6.jpg,Readable — manual transcription,85,No,,No exact Row Key,APPROVED_2026-08-01,TAXONOMY_HOLD,provisional,NO,NO,false,Confirm Peilstein/Thalhofgraben taxonomy against contents or title pages.
GBR-20260801-0009,BACHMÜCKE,4-,UIAA 1–4,Peilstein,Peilstein,Thalhofgraben,Klapf,Klapf,262,241,Peilstein | Klapf | BACHMÜCKE,image-6.jpg,Readable — manual transcription,85,No,,No exact Row Key,APPROVED_2026-08-01,TAXONOMY_HOLD,provisional,NO,NO,false,Confirm Peilstein/Thalhofgraben taxonomy against contents or title pages.
GBR-20260801-0010,BACHSTELZE,4+,UIAA 1–4,Peilstein,Peilstein,Thalhofgraben,Klapf,Klapf,263,241,Peilstein | Klapf | BACHSTELZE,image-6.jpg,Readable — manual transcription,85,No,,No exact Row Key,APPROVED_2026-08-01,TAXONOMY_HOLD,provisional,NO,NO,false,Confirm Peilstein/Thalhofgraben taxonomy against contents or title pages.
GBR-20260801-0011,A KUAH,6+/7-,UIAA 5–7,Peilstein,Peilstein,Thalhofgraben,Klapf,Klapf,264,241,Peilstein | Klapf | A KUAH,image-6.jpg,Readable — manual transcription,85,No,,No exact Row Key,APPROVED_2026-08-01,TAXONOMY_HOLD,provisional,NO,NO,false,Confirm Peilstein/Thalhofgraben taxonomy against contents or title pages.
GBR-20260801-0012,ERBSENSUPPE,7,UIAA 5–7,Peilstein,Peilstein,Thalhofgraben,Klapf,Klapf,265,241,Peilstein | Klapf | ERBSENSUPPE,image-6.jpg,Readable — manual transcription,85,No,,No exact Row Key,APPROVED_2026-08-01,TAXONOMY_HOLD,provisional,NO,NO,false,Confirm Peilstein/Thalhofgraben taxonomy against contents or title pages.
GBR-20260801-0013,FAULE ERBSEN,6+/7-,UIAA 5–7,Peilstein,Peilstein,Thalhofgraben,Klapf,Klapf,266,241,Peilstein | Klapf | FAULE ERBSEN,image-6.jpg,Readable — manual transcription,85,No,,No exact Row Key,APPROVED_2026-08-01,TAXONOMY_HOLD,provisional,NO,NO,false,Confirm Peilstein/Thalhofgraben taxonomy against contents or title pages.
GBR-20260801-0014,FAULENZER,6+,UIAA 5–7,Peilstein,Peilstein,Thalhofgraben,Klapf,Klapf,267,241,Peilstein | Klapf | FAULENZER,image-6.jpg,Readable — manual transcription,85,No,,No exact Row Key,APPROVED_2026-08-01,TAXONOMY_HOLD,provisional,NO,NO,false,Confirm Peilstein/Thalhofgraben taxonomy against contents or title pages.
GBR-20260801-0015,AUTOSTOPPER,6,UIAA 5–7,Peilstein,Peilstein,Thalhofgraben,Klapf,Klapf,268,241,Peilstein | Klapf | AUTOSTOPPER,image-6.jpg,Readable — manual transcription,85,No,,No exact Row Key,APPROVED_2026-08-01,TAXONOMY_HOLD,provisional,NO,NO,false,Confirm Peilstein/Thalhofgraben taxonomy against contents or title pages.
GBR-20260801-0016,BLECHSCHADEN,6,UIAA 5–7,Peilstein,Peilstein,Thalhofgraben,Klapf,Klapf,269,241,Peilstein | Klapf | BLECHSCHADEN,image-6.jpg,Readable — manual transcription,85,No,,No exact Row Key,APPROVED_2026-08-01,TAXONOMY_HOLD,provisional,NO,NO,false,Confirm Peilstein/Thalhofgraben taxonomy against contents or title pages.
GBR-20260801-0017,AUSLAGE,6,UIAA 5–7,Peilstein,Peilstein,Thalhofgraben,Klapf,Klapf,270,241,Peilstein | Klapf | AUSLAGE,image-6.jpg,Readable — manual transcription,85,No,,No exact Row Key,APPROVED_2026-08-01,TAXONOMY_HOLD,provisional,NO,NO,false,Confirm Peilstein/Thalhofgraben taxonomy against contents or title pages.
GBR-20260801-0018,DIE WILDE HETZ,6+,UIAA 5–7,Peilstein,Peilstein,Thalhofgraben,Klapf,Klapf,271,241,Peilstein | Klapf | DIE WILDE HETZ,image-6.jpg,Readable — manual transcription,85,No,,No exact Row Key,APPROVED_2026-08-01,TAXONOMY_HOLD,provisional,NO,NO,false,Confirm Peilstein/Thalhofgraben taxonomy against contents or title pages.
GBR-20260801-0019,CRASH,5+,UIAA 5–7,Peilstein,Peilstein,Thalhofgraben,Klapf,Klapf,272,241,Peilstein | Klapf | CRASH,image-6.jpg,Readable — manual transcription,85,No,,No exact Row Key,APPROVED_2026-08-01,TAXONOMY_HOLD,provisional,NO,NO,false,Confirm Peilstein/Thalhofgraben taxonomy against contents or title pages.
GBR-20260801-0020,ASFENAG,5+,UIAA 5–7,Peilstein,Peilstein,Thalhofgraben,Klapf,Klapf,273,241,Peilstein | Klapf | ASFENAG,image-6.jpg,Readable — manual transcription,85,No,,No exact Row Key,APPROVED_2026-08-01,TAXONOMY_HOLD,provisional,NO,NO,false,Confirm Peilstein/Thalhofgraben taxonomy against contents or title pages.
GBR-20260801-0021,HANSI BITTE SAFT,9-,UIAA 8+,Peilstein,Peilstein,Thalhofgraben,Hansi bitte Saft,Hansi bitte Saft,274,242,Peilstein | Hansi bitte Saft | HANSI BITTE SAFT,image-7.jpg,Readable — manual transcription,85,No,,No exact Row Key,APPROVED_2026-08-01,TAXONOMY_HOLD,provisional,NO,NO,false,Confirm Peilstein/Thalhofgraben taxonomy against contents or title pages.
GBR-20260801-0022,BORN TO BE BAD,8-,UIAA 8+,Peilstein,Peilstein,Thalhofgraben,Hansi bitte Saft,Hansi bitte Saft,275,242,Peilstein | Hansi bitte Saft | BORN TO BE BAD,image-7.jpg,Readable — manual transcription,85,No,,No exact Row Key,APPROVED_2026-08-01,TAXONOMY_HOLD,provisional,NO,NO,false,Confirm Peilstein/Thalhofgraben taxonomy against contents or title pages.
GBR-20260801-0023,SCHLEUDERGEFAHR,8+,UIAA 8+,Helenental,Helenental,Engelstein,Main,Engelstein,1,93,Helenental | Engelstein | SCHLEUDERGEFAHR,image-21.jpg,Readable — manual transcription,85,Yes,8-,Grade differs,APPROVED_2026-08-01,GRADE_CONFLICT_HOLD,provisional,NO,NO,false,Choose the guidebook or canonical grade; no automatic overwrite.
GBR-20260801-0024,DRUM DREAM,7+,UIAA 5–7,Helenental,Helenental,Engelstein,Main,Engelstein,2,93,Helenental | Engelstein | DRUM DREAM,image-21.jpg,Readable — manual transcription,85,Yes,7,Grade differs,APPROVED_2026-08-01,GRADE_CONFLICT_HOLD,provisional,NO,NO,false,Choose the guidebook or canonical grade; no automatic overwrite.
GBR-20260801-0025,ADDI EONS,8-,UIAA 8+,Helenental,Helenental,Engelstein,Main,Engelstein,3,93,Helenental | Engelstein | ADDI EONS,image-21.jpg,Readable — manual transcription,85,No,,No exact Row Key,APPROVED_2026-08-01,NEW_CANDIDATE_APPROVED_FOR_REPO_REVIEW,source-verified,NO,NO,false,"Review in PR, then authorize a separate canonical import."
GBR-20260801-0026,KATZENJAMMER,8-,UIAA 8+,Helenental,Helenental,Engelstein,Main,Engelstein,4,93,Helenental | Engelstein | KATZENJAMMER,image-21.jpg,Readable — manual transcription,85,Yes,8,Grade differs,APPROVED_2026-08-01,GRADE_CONFLICT_HOLD,provisional,NO,NO,false,Choose the guidebook or canonical grade; no automatic overwrite.
GBR-20260801-0027,SCHLUCHTWEG,8-,UIAA 8+,Helenental,Helenental,Engelstein,Main,Engelstein,5,93,Helenental | Engelstein | SCHLUCHTWEG,image-21.jpg,Readable — manual transcription,85,No,,No exact Row Key,APPROVED_2026-08-01,NEW_CANDIDATE_APPROVED_FOR_REPO_REVIEW,source-verified,NO,NO,false,"Review in PR, then authorize a separate canonical import."
GBR-20260801-0028,HEAVEN AND HELL,7+,UIAA 5–7,Helenental,Helenental,Engelstein,Main,Engelstein,6,93,Helenental | Engelstein | HEAVEN AND HELL,image-21.jpg,Readable — manual transcription,85,Yes,7+,Aligned,APPROVED_2026-08-01,EXISTING_ALIGNED_NO_CHANGE,source-verified,NO,NO,false,Keep canonical row unchanged; retain source evidence.
GBR-20260801-0029,WEG AUS DEM FISCH,8,UIAA 8+,Helenental,Helenental,Engelstein,Main,Engelstein,7,93,Helenental | Engelstein | WEG AUS DEM FISCH,image-21.jpg,Readable — manual transcription,85,Yes,8,Aligned,APPROVED_2026-08-01,EXISTING_ALIGNED_NO_CHANGE,source-verified,NO,NO,false,Keep canonical row unchanged; retain source evidence.
GBR-20260801-0030,HAPPY DAY,8-,UIAA 8+,Helenental,Helenental,Engelstein,Main,Engelstein,8,93,Helenental | Engelstein | HAPPY DAY,image-21.jpg,Readable — manual transcription,85,Yes,8-,Aligned,APPROVED_2026-08-01,EXISTING_ALIGNED_NO_CHANGE,source-verified,NO,NO,false,Keep canonical row unchanged; retain source evidence.
GBR-20260801-0031,YELLOW SUBMARINE,8-,UIAA 8+,Helenental,Helenental,Engelstein,Main,Engelstein,9,93,Helenental | Engelstein | YELLOW SUBMARINE,image-21.jpg,Readable — manual transcription,85,Yes,8-,Aligned,APPROVED_2026-08-01,EXISTING_ALIGNED_NO_CHANGE,source-verified,NO,NO,false,Keep canonical row unchanged; retain source evidence.
GBR-20260801-0032,TOLLWUT,7+,UIAA 5–7,Helenental,Helenental,Engelstein,Main,Engelstein,10,93,Helenental | Engelstein | TOLLWUT,image-21.jpg,Readable — manual transcription,85,Yes,7+,Aligned,APPROVED_2026-08-01,EXISTING_ALIGNED_NO_CHANGE,source-verified,NO,NO,false,Keep canonical row unchanged; retain source evidence.
GBR-20260801-0033,ONSIGHT ADEHHEID,8-,UIAA 8+,Helenental,Helenental,Engelstein,Main,Engelstein,11,93,Helenental | Engelstein | ONSIGHT ADEHHEID,image-21.jpg,Review required,70,No,,No exact Row Key,APPROVED_2026-08-01,OCR_HOLD,provisional,NO,NO,false,Confirm the printed name or grade from the full-resolution source.
GBR-20260801-0034,KABANOSSI,7+,UIAA 5–7,Helenental,Helenental,Engelstein,Main,Engelstein,12,93,Helenental | Engelstein | KABANOSSI,image-21.jpg,Readable — manual transcription,85,Yes,7+,Aligned,APPROVED_2026-08-01,EXISTING_ALIGNED_NO_CHANGE,source-verified,NO,NO,false,Keep canonical row unchanged; retain source evidence.
GBR-20260801-0035,BISSIGE KREUZSPINNE,6+,UIAA 5–7,Helenental,Helenental,Engelstein,Main,Engelstein,13,93,Helenental | Engelstein | BISSIGE KREUZSPINNE,image-21.jpg,Readable — manual transcription,85,Yes,6+,Aligned,APPROVED_2026-08-01,EXISTING_ALIGNED_NO_CHANGE,source-verified,NO,NO,false,Keep canonical row unchanged; retain source evidence.
GBR-20260801-0036,OSSIWABA,7+,UIAA 5–7,Helenental,Helenental,Engelstein,Main,Engelstein,14,93,Helenental | Engelstein | OSSIWABA,image-21.jpg,Readable — manual transcription,85,No,,No exact Row Key,APPROVED_2026-08-01,NEW_CANDIDATE_APPROVED_FOR_REPO_REVIEW,source-verified,NO,NO,false,"Review in PR, then authorize a separate canonical import."
GBR-20260801-0037,GICHTFINGER,9-,UIAA 8+,Helenental,Helenental,Engelstein,Main,Engelstein,15,93,Helenental | Engelstein | GICHTFINGER,image-21.jpg,Readable — manual transcription,85,Yes,9-,Aligned,APPROVED_2026-08-01,EXISTING_ALIGNED_NO_CHANGE,source-verified,NO,NO,false,Keep canonical row unchanged; retain source evidence.
GBR-20260801-0038,AMEISENFUPP,5+,UIAA 5–7,Helenental,Helenental,Engelstein,Main,Engelstein,16,93,Helenental | Engelstein | AMEISENFUPP,image-21.jpg,Readable — manual transcription,85,No,,No exact Row Key,APPROVED_2026-08-01,NEW_CANDIDATE_APPROVED_FOR_REPO_REVIEW,source-verified,NO,NO,false,"Review in PR, then authorize a separate canonical import."
GBR-20260801-0039,KURZER MURX,6-,UIAA 5–7,Helenental,Helenental,Engelstein,Main,Engelstein,17,93,Helenental | Engelstein | KURZER MURX,image-21.jpg,Readable — manual transcription,85,Yes,6-,Aligned,APPROVED_2026-08-01,EXISTING_ALIGNED_NO_CHANGE,source-verified,NO,NO,false,Keep canonical row unchanged; retain source evidence.
GBR-20260801-0040,UNTERARMALARM,4+,UIAA 1–4,Helenental,Helenental,Dachswandl,Main,Dachswandl,1,94,Helenental | Dachswandl | UNTERARMALARM,image-22.jpg,Readable — manual transcription,85,Yes,4+,Aligned,APPROVED_2026-08-01,EXISTING_ALIGNED_NO_CHANGE,source-verified,NO,NO,false,Keep canonical row unchanged; retain source evidence.
GBR-20260801-0041,WILDER DACHS,6+,UIAA 5–7,Helenental,Helenental,Dachswandl,Main,Dachswandl,2,94,Helenental | Dachswandl | WILDER DACHS,image-22.jpg,Readable — manual transcription,85,Yes,6+,Aligned,APPROVED_2026-08-01,EXISTING_ALIGNED_NO_CHANGE,source-verified,NO,NO,false,Keep canonical row unchanged; retain source evidence.
GBR-20260801-0042,BISSIGER DACHS,7,UIAA 5–7,Helenental,Helenental,Dachswandl,Main,Dachswandl,3,94,Helenental | Dachswandl | BISSIGER DACHS,image-22.jpg,Readable — manual transcription,85,Yes,7,Aligned,APPROVED_2026-08-01,EXISTING_ALIGNED_NO_CHANGE,source-verified,NO,NO,false,Keep canonical row unchanged; retain source evidence.
GBR-20260801-0043,DACHSFALLE,6+,UIAA 5–7,Helenental,Helenental,Dachswandl,Main,Dachswandl,4,94,Helenental | Dachswandl | DACHSFALLE,image-22.jpg,Readable — manual transcription,85,Yes,6+,Aligned,APPROVED_2026-08-01,EXISTING_ALIGNED_NO_CHANGE,source-verified,NO,NO,false,Keep canonical row unchanged; retain source evidence.
GBR-20260801-0044,DACHSFELL,5+,UIAA 5–7,Helenental,Helenental,Dachswandl,Main,Dachswandl,5,94,Helenental | Dachswandl | DACHSFELL,image-22.jpg,Readable — manual transcription,85,Yes,5+,Aligned,APPROVED_2026-08-01,EXISTING_ALIGNED_NO_CHANGE,source-verified,NO,NO,false,Keep canonical row unchanged; retain source evidence.
GBR-20260801-0045,DACHSBEUTE,5+,UIAA 5–7,Helenental,Helenental,Dachswandl,Main,Dachswandl,6,94,Helenental | Dachswandl | DACHSBEUTE,image-22.jpg,Readable — manual transcription,85,Yes,5+,Aligned,APPROVED_2026-08-01,EXISTING_ALIGNED_NO_CHANGE,source-verified,NO,NO,false,Keep canonical row unchanged; retain source evidence.
GBR-20260801-0046,BRÖSELRISS,3+,UIAA 1–4,Helenental,Helenental,Dachswandl,Main,Dachswandl,7,94,Helenental | Dachswandl | BRÖSELRISS,image-22.jpg,Readable — manual transcription,85,Yes,3+,Aligned,APPROVED_2026-08-01,EXISTING_ALIGNED_NO_CHANGE,source-verified,NO,NO,false,Keep canonical row unchanged; retain source evidence.
GBR-20260801-0047,LITTLE OSP,9-,UIAA 8+,Helenental,Helenental,Ospwandl,Main,Ospwandl,8,95,Helenental | Ospwandl | LITTLE OSP,image-22.jpg,Readable — manual transcription,85,Yes,9-,Aligned,APPROVED_2026-08-01,EXISTING_ALIGNED_NO_CHANGE,source-verified,NO,NO,false,Keep canonical row unchanged; retain source evidence.
GBR-20260801-0048,SAFT,8,UIAA 8+,Helenental,Helenental,Ospwandl,Main,Ospwandl,9,95,Helenental | Ospwandl | SAFT,image-22.jpg,Readable — manual transcription,85,Yes,8,Aligned,APPROVED_2026-08-01,EXISTING_ALIGNED_NO_CHANGE,source-verified,NO,NO,false,Keep canonical row unchanged; retain source evidence.
GBR-20260801-0049,PRIMORKA,8+/9-,UIAA 8+,Helenental,Helenental,Ospwandl,Main,Ospwandl,10,95,Helenental | Ospwandl | PRIMORKA,image-22.jpg,Readable — manual transcription,85,Yes,8+/9-,Aligned,APPROVED_2026-08-01,EXISTING_ALIGNED_NO_CHANGE,source-verified,NO,NO,false,Keep canonical row unchanged; retain source evidence.
GBR-20260801-0050,COOPER HARD,8-/8,UIAA 8+,Helenental,Helenental,Ospwandl,Main,Ospwandl,11,95,Helenental | Ospwandl | COOPER HARD,image-22.jpg,Readable — manual transcription,85,Yes,8-/8,Aligned,APPROVED_2026-08-01,EXISTING_ALIGNED_NO_CHANGE,source-verified,NO,NO,false,Keep canonical row unchanged; retain source evidence.
GBR-20260801-0051,COOPER,7+/8-,UIAA 5–7,Helenental,Helenental,Ospwandl,Main,Ospwandl,12,95,Helenental | Ospwandl | COOPER,image-22.jpg,Readable — manual transcription,85,Yes,7+/8-,Aligned,APPROVED_2026-08-01,EXISTING_ALIGNED_NO_CHANGE,source-verified,NO,NO,false,Keep canonical row unchanged; retain source evidence.
GBR-20260801-0052,POLTERGEIST,7+,UIAA 5–7,Helenental,Helenental,Ospwandl,Main,Ospwandl,13,95,Helenental | Ospwandl | POLTERGEIST,image-22.jpg,Readable — manual transcription,85,No,,No exact Row Key,APPROVED_2026-08-01,NEW_CANDIDATE_APPROVED_FOR_REPO_REVIEW,source-verified,NO,NO,false,"Review in PR, then authorize a separate canonical import."
GBR-20260801-0053,UROBOR,9-,UIAA 8+,Höllental-Rax,Höllental-Rax,Vordere Klobenwand,Main,Vordere Klobenwand,1,443,Höllental-Rax | Vordere Klobenwand | UROBOR,image-12.jpg,Readable — manual transcription,85,No,,No exact Row Key,APPROVED_2026-08-01,NEW_CANDIDATE_APPROVED_FOR_REPO_REVIEW,source-verified,NO,NO,false,"Review in PR, then authorize a separate canonical import."
GBR-20260801-0054,WILDE JAGD,9-,UIAA 8+,Höllental-Rax,Höllental-Rax,Vordere Klobenwand,Main,Vordere Klobenwand,2,443,Höllental-Rax | Vordere Klobenwand | WILDE JAGD,image-12.jpg,Readable — manual transcription,85,No,,No exact Row Key,APPROVED_2026-08-01,NEW_CANDIDATE_APPROVED_FOR_REPO_REVIEW,source-verified,NO,NO,false,"Review in PR, then authorize a separate canonical import."
GBR-20260801-0055,ZERSTÖRER,9-,UIAA 8+,Höllental-Rax,Höllental-Rax,Vordere Klobenwand,Main,Vordere Klobenwand,3,443,Höllental-Rax | Vordere Klobenwand | ZERSTÖRER,image-12.jpg,Readable — manual transcription,85,No,,No exact Row Key,APPROVED_2026-08-01,NEW_CANDIDATE_APPROVED_FOR_REPO_REVIEW,source-verified,NO,NO,false,"Review in PR, then authorize a separate canonical import."
GBR-20260801-0056,LEKTIONEN IN DEMUT,8,UIAA 8+,Höllental-Rax,Höllental-Rax,Vordere Klobenwand,Main,Vordere Klobenwand,5,443,Höllental-Rax | Vordere Klobenwand | LEKTIONEN IN DEMUT,image-12.jpg,Readable — manual transcription,85,No,,No exact Row Key,APPROVED_2026-08-01,NEW_CANDIDATE_APPROVED_FOR_REPO_REVIEW,source-verified,NO,NO,false,"Review in PR, then authorize a separate canonical import."
GBR-20260801-0057,LE HOMME DE L’ACTION,9,UIAA 8+,Höllental-Rax,Höllental-Rax,Vordere Klobenwand,Main,Vordere Klobenwand,6,443,Höllental-Rax | Vordere Klobenwand | LE HOMME DE L’ACTION,image-12.jpg,Readable — manual transcription,85,No,,No exact Row Key,APPROVED_2026-08-01,NEW_CANDIDATE_APPROVED_FOR_REPO_REVIEW,source-verified,NO,NO,false,"Review in PR, then authorize a separate canonical import."
GBR-20260801-0058,OPFER,9,UIAA 8+,Höllental-Rax,Höllental-Rax,Vordere Klobenwand,Main,Vordere Klobenwand,7,443,Höllental-Rax | Vordere Klobenwand | OPFER,image-12.jpg,Readable — manual transcription,85,No,,No exact Row Key,APPROVED_2026-08-01,NEW_CANDIDATE_APPROVED_FOR_REPO_REVIEW,source-verified,NO,NO,false,"Review in PR, then authorize a separate canonical import."
GBR-20260801-0059,SEELE MIT HORNHAUT,9-,UIAA 8+,Höllental-Rax,Höllental-Rax,Vordere Klobenwand,Main,Vordere Klobenwand,8,443,Höllental-Rax | Vordere Klobenwand | SEELE MIT HORNHAUT,image-12.jpg,Readable — manual transcription,85,No,,No exact Row Key,APPROVED_2026-08-01,NEW_CANDIDATE_APPROVED_FOR_REPO_REVIEW,source-verified,NO,NO,false,"Review in PR, then authorize a separate canonical import."
GBR-20260801-0060,DREIFREUNDEWEG,5+,UIAA 5–7,Höllental-Rax,Höllental-Rax,Vordere Klobenwand,Main,Vordere Klobenwand,9,443,Höllental-Rax | Vordere Klobenwand | DREIFREUNDEWEG,image-12.jpg,Readable — manual transcription,85,No,,No exact Row Key,APPROVED_2026-08-01,NEW_CANDIDATE_APPROVED_FOR_REPO_REVIEW,source-verified,NO,NO,false,"Review in PR, then authorize a separate canonical import."
GBR-20260801-0061,NEUNTÖTER,6+,UIAA 5–7,Höllental-Rax,Höllental-Rax,Vordere Klobenwand,Main,Vordere Klobenwand,10,443,Höllental-Rax | Vordere Klobenwand | NEUNTÖTER,image-12.jpg,Readable — manual transcription,85,No,,No exact Row Key,APPROVED_2026-08-01,NEW_CANDIDATE_APPROVED_FOR_REPO_REVIEW,source-verified,NO,NO,false,"Review in PR, then authorize a separate canonical import."
GBR-20260801-0062,DER KÄLTE TREU,7+/8-,UIAA 5–7,Höllental-Rax,Höllental-Rax,Vordere Klobenwand,Main,Vordere Klobenwand,11,443,Höllental-Rax | Vordere Klobenwand | DER KÄLTE TREU,image-12.jpg,Readable — manual transcription,85,No,,No exact Row Key,APPROVED_2026-08-01,NEW_CANDIDATE_APPROVED_FOR_REPO_REVIEW,source-verified,NO,NO,false,"Review in PR, then authorize a separate canonical import."
GBR-20260801-0063,CHEF IM HIMMEL,7+,UIAA 5–7,Höllental-Rax,Höllental-Rax,Vordere Klobenwand,Main,Vordere Klobenwand,12,443,Höllental-Rax | Vordere Klobenwand | CHEF IM HIMMEL,image-12.jpg,Readable — manual transcription,85,No,,No exact Row Key,APPROVED_2026-08-01,NEW_CANDIDATE_APPROVED_FOR_REPO_REVIEW,source-verified,NO,NO,false,"Review in PR, then authorize a separate canonical import."
GBR-20260801-0064,BIS ZUM HOLZKARTON,7,UIAA 5–7,Höllental-Rax,Höllental-Rax,Vordere Klobenwand,Main,Vordere Klobenwand,13,443,Höllental-Rax | Vordere Klobenwand | BIS ZUM HOLZKARTON,image-12.jpg,Readable — manual transcription,85,No,,No exact Row Key,APPROVED_2026-08-01,NEW_CANDIDATE_APPROVED_FOR_REPO_REVIEW,source-verified,NO,NO,false,"Review in PR, then authorize a separate canonical import."
GBR-20260801-0065,SCHWARZER RÜTTLER,7,UIAA 5–7,Höllental-Rax,Höllental-Rax,Vordere Klobenwand,Main,Vordere Klobenwand,14,443,Höllental-Rax | Vordere Klobenwand | SCHWARZER RÜTTLER,image-12.jpg,Readable — manual transcription,85,No,,No exact Row Key,APPROVED_2026-08-01,NEW_CANDIDATE_APPROVED_FOR_REPO_REVIEW,source-verified,NO,NO,false,"Review in PR, then authorize a separate canonical import."
GBR-20260801-0066,PLASIRBONGO,7-,UIAA 5–7,Höllental-Rax,Höllental-Rax,Vordere Klobenwand,Main,Vordere Klobenwand,15,443,Höllental-Rax | Vordere Klobenwand | PLASIRBONGO,image-12.jpg,Readable — manual transcription,85,No,,No exact Row Key,APPROVED_2026-08-01,NEW_CANDIDATE_APPROVED_FOR_REPO_REVIEW,source-verified,NO,NO,false,"Review in PR, then authorize a separate canonical import."
GBR-20260801-0067,AFFENBROTBAUM,7+,UIAA 5–7,Höllental-Rax,Höllental-Rax,Vordere Klobenwand,Main,Vordere Klobenwand,16,443,Höllental-Rax | Vordere Klobenwand | AFFENBROTBAUM,image-12.jpg,Readable — manual transcription,85,No,,No exact Row Key,APPROVED_2026-08-01,NEW_CANDIDATE_APPROVED_FOR_REPO_REVIEW,source-verified,NO,NO,false,"Review in PR, then authorize a separate canonical import."
GBR-20260801-0068,NEBELLEUCHTEN,8,UIAA 8+,Höllental-Rax,Höllental-Rax,Vordere Klobenwand,Main,Vordere Klobenwand,17,443,Höllental-Rax | Vordere Klobenwand | NEBELLEUCHTEN,image-12.jpg,Readable — manual transcription,85,No,,No exact Row Key,APPROVED_2026-08-01,NEW_CANDIDATE_APPROVED_FOR_REPO_REVIEW,source-verified,NO,NO,false,"Review in PR, then authorize a separate canonical import."
GBR-20260801-0069,RAKIST,7+,UIAA 5–7,Höllental-Rax,Höllental-Rax,Vordere Klobenwand,Main,Vordere Klobenwand,18,443,Höllental-Rax | Vordere Klobenwand | RAKIST,image-12.jpg,Readable — manual transcription,85,No,,No exact Row Key,APPROVED_2026-08-01,NEW_CANDIDATE_APPROVED_FOR_REPO_REVIEW,source-verified,NO,NO,false,"Review in PR, then authorize a separate canonical import."
GBR-20260801-0070,ANTHERICUM ADE,8-,UIAA 8+,Höllental-Rax,Höllental-Rax,Vordere Klobenwand,Main,Vordere Klobenwand,19,443,Höllental-Rax | Vordere Klobenwand | ANTHERICUM ADE,image-12.jpg,Readable — manual transcription,85,No,,No exact Row Key,APPROVED_2026-08-01,NEW_CANDIDATE_APPROVED_FOR_REPO_REVIEW,source-verified,NO,NO,false,"Review in PR, then authorize a separate canonical import."
GBR-20260801-0071,DAS GEISTERKARUSELL,8-,UIAA 8+,Höllental-Rax,Höllental-Rax,Detektivbüro,Main,Detektivbüro,1,445,Höllental-Rax | Detektivbüro | DAS GEISTERKARUSELL,image-13.jpg,Readable — manual transcription,85,No,,No exact Row Key,APPROVED_2026-08-01,NEW_CANDIDATE_APPROVED_FOR_REPO_REVIEW,source-verified,NO,NO,false,"Review in PR, then authorize a separate canonical import."
GBR-20260801-0072,DIE HEISSE SPUR,8/8+,UIAA 8+,Höllental-Rax,Höllental-Rax,Detektivbüro,Main,Detektivbüro,2,445,Höllental-Rax | Detektivbüro | DIE HEISSE SPUR,image-13.jpg,Readable — manual transcription,85,No,,No exact Row Key,APPROVED_2026-08-01,NEW_CANDIDATE_APPROVED_FOR_REPO_REVIEW,source-verified,NO,NO,false,"Review in PR, then authorize a separate canonical import."
GBR-20260801-0073,TOM TURBO,10,UIAA 8+,Höllental-Rax,Höllental-Rax,Detektivbüro,Main,Detektivbüro,3,445,Höllental-Rax | Detektivbüro | TOM TURBO,image-13.jpg,Readable — manual transcription,85,No,,No exact Row Key,APPROVED_2026-08-01,NEW_CANDIDATE_APPROVED_FOR_REPO_REVIEW,source-verified,NO,NO,false,"Review in PR, then authorize a separate canonical import."
GBR-20260801-0074,SCHOCK,10-,UIAA 8+,Höllental-Rax,Höllental-Rax,Detektivbüro,Main,Detektivbüro,4,445,Höllental-Rax | Detektivbüro | SCHOCK,image-13.jpg,Readable — manual transcription,85,No,,No exact Row Key,APPROVED_2026-08-01,NEW_CANDIDATE_APPROVED_FOR_REPO_REVIEW,source-verified,NO,NO,false,"Review in PR, then authorize a separate canonical import."
GBR-20260801-0075,FRAU DOKTOR GRUSELGLATZ,9-,UIAA 8+,Höllental-Rax,Höllental-Rax,Detektivbüro,Main,Detektivbüro,5,445,Höllental-Rax | Detektivbüro | FRAU DOKTOR GRUSELGLATZ,image-13.jpg,Readable — manual transcription,85,No,,No exact Row Key,APPROVED_2026-08-01,NEW_CANDIDATE_APPROVED_FOR_REPO_REVIEW,source-verified,NO,NO,false,"Review in PR, then authorize a separate canonical import."
GBR-20260801-0076,DIE JAGD NACH DER BLAUEN BANANE,8,UIAA 8+,Höllental-Rax,Höllental-Rax,Detektivbüro,Main,Detektivbüro,6,445,Höllental-Rax | Detektivbüro | DIE JAGD NACH DER BLAUEN BANANE,image-13.jpg,Readable — manual transcription,85,No,,No exact Row Key,APPROVED_2026-08-01,NEW_CANDIDATE_APPROVED_FOR_REPO_REVIEW,source-verified,NO,NO,false,"Review in PR, then authorize a separate canonical import."
GBR-20260801-0077,SIGI SCHLITZOHR,8-,UIAA 8+,Höllental-Rax,Höllental-Rax,Detektivbüro,Main,Detektivbüro,8,445,Höllental-Rax | Detektivbüro | SIGI SCHLITZOHR,image-13.jpg,Readable — manual transcription,85,No,,No exact Row Key,APPROVED_2026-08-01,NEW_CANDIDATE_APPROVED_FOR_REPO_REVIEW,source-verified,NO,NO,false,"Review in PR, then authorize a separate canonical import."
GBR-20260801-0078,DER IRRGARTEN DES SCHRECKENS,8+/9-,UIAA 8+,Höllental-Rax,Höllental-Rax,Detektivbüro,Main,Detektivbüro,9,445,Höllental-Rax | Detektivbüro | DER IRRGARTEN DES SCHRECKENS,image-13.jpg,Readable — manual transcription,85,No,,No exact Row Key,APPROVED_2026-08-01,NEW_CANDIDATE_APPROVED_FOR_REPO_REVIEW,source-verified,NO,NO,false,"Review in PR, then authorize a separate canonical import."
GBR-20260801-0079,CARO UND KIARO,8,UIAA 8+,Höllental-Rax,Höllental-Rax,Detektivbüro,Main,Detektivbüro,10,445,Höllental-Rax | Detektivbüro | CARO UND KIARO,image-13.jpg,Readable — manual transcription,85,No,,No exact Row Key,APPROVED_2026-08-01,NEW_CANDIDATE_APPROVED_FOR_REPO_REVIEW,source-verified,NO,NO,false,"Review in PR, then authorize a separate canonical import."
GBR-20260801-0080,TOM TURBO UND DER RIESENSCHWANZ,10-,UIAA 8+,Höllental-Rax,Höllental-Rax,Detektivbüro,Main,Detektivbüro,11,445,Höllental-Rax | Detektivbüro | TOM TURBO UND DER RIESENSCHWANZ,image-13.jpg,Readable — manual transcription,85,No,,No exact Row Key,APPROVED_2026-08-01,NEW_CANDIDATE_APPROVED_FOR_REPO_REVIEW,source-verified,NO,NO,false,"Review in PR, then authorize a separate canonical import."
GBR-20260801-0081,DIE AUGEN DES TIGERS,9,UIAA 8+,Höllental-Rax,Höllental-Rax,Detektivbüro,Main,Detektivbüro,12,445,Höllental-Rax | Detektivbüro | DIE AUGEN DES TIGERS,image-13.jpg,Readable — manual transcription,85,No,,No exact Row Key,APPROVED_2026-08-01,NEW_CANDIDATE_APPROVED_FOR_REPO_REVIEW,source-verified,NO,NO,false,"Review in PR, then authorize a separate canonical import."
GBR-20260801-0082,FRITZ PHANTOM,10-,UIAA 8+,Höllental-Rax,Höllental-Rax,Detektivbüro,Main,Detektivbüro,13,445,Höllental-Rax | Detektivbüro | FRITZ PHANTOM,image-13.jpg,Readable — manual transcription,85,No,,No exact Row Key,APPROVED_2026-08-01,NEW_CANDIDATE_APPROVED_FOR_REPO_REVIEW,source-verified,NO,NO,false,"Review in PR, then authorize a separate canonical import."
GBR-20260801-0083,DER MAGISCHE MANTEL,10-/10,UIAA 8+,Höllental-Rax,Höllental-Rax,Detektivbüro,Main,Detektivbüro,15,445,Höllental-Rax | Detektivbüro | DER MAGISCHE MANTEL,image-13.jpg,Readable — manual transcription,85,No,,No exact Row Key,APPROVED_2026-08-01,NEW_CANDIDATE_APPROVED_FOR_REPO_REVIEW,source-verified,NO,NO,false,"Review in PR, then authorize a separate canonical import."
GBR-20260801-0084,PROJEKT,8+/9-,UIAA 8+,Höllental-Rax,Höllental-Rax,Detektivbüro,Main,Detektivbüro,16,445,Höllental-Rax | Detektivbüro | PROJEKT,image-13.jpg,Readable — manual transcription,85,No,,No exact Row Key,APPROVED_2026-08-01,NEW_CANDIDATE_APPROVED_FOR_REPO_REVIEW,source-verified,NO,NO,false,"Review in PR, then authorize a separate canonical import."
GBR-20260801-0085,DIE KRISTALLE DES BERGKÖNIGS,8+/9-,UIAA 8+,Höllental-Rax,Höllental-Rax,Detektivbüro,Main,Detektivbüro,17,445,Höllental-Rax | Detektivbüro | DIE KRISTALLE DES BERGKÖNIGS,image-13.jpg,Readable — manual transcription,85,No,,No exact Row Key,APPROVED_2026-08-01,NEW_CANDIDATE_APPROVED_FOR_REPO_REVIEW,source-verified,NO,NO,false,"Review in PR, then authorize a separate canonical import."
GBR-20260801-0086,DAS GUMMIMÄNNGEHEIMNIS,9,UIAA 8+,Höllental-Rax,Höllental-Rax,Detektivbüro,Main,Detektivbüro,18,445,Höllental-Rax | Detektivbüro | DAS GUMMIMÄNNGEHEIMNIS,image-13.jpg,Readable — manual transcription,85,No,,No exact Row Key,APPROVED_2026-08-01,NEW_CANDIDATE_APPROVED_FOR_REPO_REVIEW,source-verified,NO,NO,false,"Review in PR, then authorize a separate canonical import."
GBR-20260801-0087,SCHMIERÖL,10-,UIAA 8+,Höllental-Rax,Höllental-Rax,Detektivbüro,Main,Detektivbüro,19,445,Höllental-Rax | Detektivbüro | SCHMIERÖL,image-13.jpg,Readable — manual transcription,85,No,,No exact Row Key,APPROVED_2026-08-01,NEW_CANDIDATE_APPROVED_FOR_REPO_REVIEW,source-verified,NO,NO,false,"Review in PR, then authorize a separate canonical import."
GBR-20260801-0088,WO IST DER TANZENDE DELFIN,8/8+,UIAA 8+,Höllental-Rax,Höllental-Rax,Detektivbüro,Main,Detektivbüro,20,445,Höllental-Rax | Detektivbüro | WO IST DER TANZENDE DELFIN,image-13.jpg,Readable — manual transcription,85,No,,No exact Row Key,APPROVED_2026-08-01,NEW_CANDIDATE_APPROVED_FOR_REPO_REVIEW,source-verified,NO,NO,false,"Review in PR, then authorize a separate canonical import."
GBR-20260801-0089,FLUSS DER ZEIT,8+,UIAA 8+,Höllental-Rax,Höllental-Rax,Niemandsland,Main,Niemandsland,1,447,Höllental-Rax | Niemandsland | FLUSS DER ZEIT,image-14.jpg,Readable — manual transcription,85,No,,No exact Row Key,APPROVED_2026-08-01,NEW_CANDIDATE_APPROVED_FOR_REPO_REVIEW,source-verified,NO,NO,false,"Review in PR, then authorize a separate canonical import."
GBR-20260801-0090,DIRTY PAWS,8/8+,UIAA 8+,Höllental-Rax,Höllental-Rax,Niemandsland,Main,Niemandsland,2,447,Höllental-Rax | Niemandsland | DIRTY PAWS,image-14.jpg,Readable — manual transcription,85,No,,No exact Row Key,APPROVED_2026-08-01,NEW_CANDIDATE_APPROVED_FOR_REPO_REVIEW,source-verified,NO,NO,false,"Review in PR, then authorize a separate canonical import."
GBR-20260801-0091,HAUCH VON EWIGKEIT,8,UIAA 8+,Höllental-Rax,Höllental-Rax,Niemandsland,Main,Niemandsland,4,447,Höllental-Rax | Niemandsland | HAUCH VON EWIGKEIT,image-14.jpg,Readable — manual transcription,85,No,,No exact Row Key,APPROVED_2026-08-01,NEW_CANDIDATE_APPROVED_FOR_REPO_REVIEW,source-verified,NO,NO,false,"Review in PR, then authorize a separate canonical import."
GBR-20260801-0092,GASTON,8+/9-,UIAA 8+,Höllental-Rax,Höllental-Rax,Niemandsland,Main,Niemandsland,5,447,Höllental-Rax | Niemandsland | GASTON,image-14.jpg,Readable — manual transcription,85,No,,No exact Row Key,APPROVED_2026-08-01,NEW_CANDIDATE_APPROVED_FOR_REPO_REVIEW,source-verified,NO,NO,false,"Review in PR, then authorize a separate canonical import."
GBR-20260801-0093,RUN FOR FUN,7,UIAA 5–7,Höllental-Rax,Höllental-Rax,Niemandsland,Main,Niemandsland,6,447,Höllental-Rax | Niemandsland | RUN FOR FUN,image-14.jpg,Readable — manual transcription,85,No,,No exact Row Key,APPROVED_2026-08-01,NEW_CANDIDATE_APPROVED_FOR_REPO_REVIEW,source-verified,NO,NO,false,"Review in PR, then authorize a separate canonical import."
GBR-20260801-0094,FATBURNER,8+,UIAA 8+,Höllental-Rax,Höllental-Rax,Niemandsland,Main,Niemandsland,7,447,Höllental-Rax | Niemandsland | FATBURNER,image-14.jpg,Readable — manual transcription,85,No,,No exact Row Key,APPROVED_2026-08-01,NEW_CANDIDATE_APPROVED_FOR_REPO_REVIEW,source-verified,NO,NO,false,"Review in PR, then authorize a separate canonical import."
GBR-20260801-0095,BLACK PLANET,7+,UIAA 5–7,Höllental-Rax,Höllental-Rax,Niemandsland,Main,Niemandsland,8,447,Höllental-Rax | Niemandsland | BLACK PLANET,image-14.jpg,Readable — manual transcription,85,No,,No exact Row Key,APPROVED_2026-08-01,NEW_CANDIDATE_APPROVED_FOR_REPO_REVIEW,source-verified,NO,NO,false,"Review in PR, then authorize a separate canonical import."
GBR-20260801-0096,BLUE PLANET,8,UIAA 8+,Höllental-Rax,Höllental-Rax,Niemandsland,Main,Niemandsland,9,447,Höllental-Rax | Niemandsland | BLUE PLANET,image-14.jpg,Readable — manual transcription,85,No,,No exact Row Key,APPROVED_2026-08-01,NEW_CANDIDATE_APPROVED_FOR_REPO_REVIEW,source-verified,NO,NO,false,"Review in PR, then authorize a separate canonical import."
GBR-20260801-0097,ZECKENJAGD,9,UIAA 8+,Höllental-Rax,Höllental-Rax,Niemandsland,Main,Niemandsland,10,447,Höllental-Rax | Niemandsland | ZECKENJAGD,image-14.jpg,Readable — manual transcription,85,No,,No exact Row Key,APPROVED_2026-08-01,NEW_CANDIDATE_APPROVED_FOR_REPO_REVIEW,source-verified,NO,NO,false,"Review in PR, then authorize a separate canonical import."
GBR-20260801-0098,URSPRUNGBAUM FT QUASIMODO,9+/10-,UIAA 8+,Höllental-Rax,Höllental-Rax,Niemandsland,Main,Niemandsland,11,447,Höllental-Rax | Niemandsland | URSPRUNGBAUM FT QUASIMODO,image-14.jpg,Readable — manual transcription,85,No,,No exact Row Key,APPROVED_2026-08-01,NEW_CANDIDATE_APPROVED_FOR_REPO_REVIEW,source-verified,NO,NO,false,"Review in PR, then authorize a separate canonical import."
GBR-20260801-0099,PAPPENSCHLÖCHER,9,UIAA 8+,Höllental-Rax,Höllental-Rax,Niemandsland,Main,Niemandsland,12,447,Höllental-Rax | Niemandsland | PAPPENSCHLÖCHER,image-14.jpg,Readable — manual transcription,85,No,,No exact Row Key,APPROVED_2026-08-01,NEW_CANDIDATE_APPROVED_FOR_REPO_REVIEW,source-verified,NO,NO,false,"Review in PR, then authorize a separate canonical import."
GBR-20260801-0100,FUCKFUCKSORRYSORRY,10,UIAA 8+,Höllental-Rax,Höllental-Rax,Niemandsland,Main,Niemandsland,13,448,Höllental-Rax | Niemandsland | FUCKFUCKSORRYSORRY,image-15.jpg,Readable — manual transcription,85,No,,No exact Row Key,APPROVED_2026-08-01,NEW_CANDIDATE_APPROVED_FOR_REPO_REVIEW,source-verified,NO,NO,false,"Review in PR, then authorize a separate canonical import."
GBR-20260801-0101,BELANGLOS,9+,UIAA 8+,Höllental-Rax,Höllental-Rax,Niemandsland,Main,Niemandsland,14,448,Höllental-Rax | Niemandsland | BELANGLOS,image-15.jpg,Readable — manual transcription,85,No,,No exact Row Key,APPROVED_2026-08-01,NEW_CANDIDATE_APPROVED_FOR_REPO_REVIEW,source-verified,NO,NO,false,"Review in PR, then authorize a separate canonical import."
GBR-20260801-0102,SONGLINE,8+,UIAA 8+,Höllental-Rax,Höllental-Rax,Niemandsland,Main,Niemandsland,15,448,Höllental-Rax | Niemandsland | SONGLINE,image-15.jpg,Readable — manual transcription,85,No,,No exact Row Key,APPROVED_2026-08-01,NEW_CANDIDATE_APPROVED_FOR_REPO_REVIEW,source-verified,NO,NO,false,"Review in PR, then authorize a separate canonical import."
GBR-20260801-0103,PAPALAGI,8-,UIAA 8+,Höllental-Rax,Höllental-Rax,Niemandsland,Main,Niemandsland,16,448,Höllental-Rax | Niemandsland | PAPALAGI,image-15.jpg,Readable — manual transcription,85,No,,No exact Row Key,APPROVED_2026-08-01,NEW_CANDIDATE_APPROVED_FOR_REPO_REVIEW,source-verified,NO,NO,false,"Review in PR, then authorize a separate canonical import."
GBR-20260801-0104,NIEMANDSLAND,8,UIAA 8+,Höllental-Rax,Höllental-Rax,Niemandsland,Main,Niemandsland,17,448,Höllental-Rax | Niemandsland | NIEMANDSLAND,image-15.jpg,Readable — manual transcription,85,No,,No exact Row Key,APPROVED_2026-08-01,NEW_CANDIDATE_APPROVED_FOR_REPO_REVIEW,source-verified,NO,NO,false,"Review in PR, then authorize a separate canonical import."
GBR-20260801-0105,ROSETTENKAVALIER,9+,UIAA 8+,Höllental-Rax,Höllental-Rax,Niemandsland,Main,Niemandsland,18,448,Höllental-Rax | Niemandsland | ROSETTENKAVALIER,image-15.jpg,Readable — manual transcription,85,No,,No exact Row Key,APPROVED_2026-08-01,NEW_CANDIDATE_APPROVED_FOR_REPO_REVIEW,source-verified,NO,NO,false,"Review in PR, then authorize a separate canonical import."
GBR-20260801-0106,HYMNS TO THE LIGHT,8-,UIAA 8+,Höllental-Rax,Höllental-Rax,Niemandsland,Main,Niemandsland,19,448,Höllental-Rax | Niemandsland | HYMNS TO THE LIGHT,image-15.jpg,Readable — manual transcription,85,No,,No exact Row Key,APPROVED_2026-08-01,NEW_CANDIDATE_APPROVED_FOR_REPO_REVIEW,source-verified,NO,NO,false,"Review in PR, then authorize a separate canonical import."
GBR-20260801-0107,HUT AB MUTTERTAG,7,UIAA 5–7,Höllental-Rax,Höllental-Rax,Niemandsland,Main,Niemandsland,20,448,Höllental-Rax | Niemandsland | HUT AB MUTTERTAG,image-15.jpg,Readable — manual transcription,85,No,,No exact Row Key,APPROVED_2026-08-01,NEW_CANDIDATE_APPROVED_FOR_REPO_REVIEW,source-verified,NO,NO,false,"Review in PR, then authorize a separate canonical import."
GBR-20260801-0108,PYCHIATERS ERBSCHAFT,8-,UIAA 8+,Höllental-Rax,Höllental-Rax,Niemandsland,Main,Niemandsland,21,448,Höllental-Rax | Niemandsland | PYCHIATERS ERBSCHAFT,image-15.jpg,Readable — manual transcription,85,No,,No exact Row Key,APPROVED_2026-08-01,NEW_CANDIDATE_APPROVED_FOR_REPO_REVIEW,source-verified,NO,NO,false,"Review in PR, then authorize a separate canonical import."
GBR-20260801-0109,SIDDHARTA,8+,UIAA 8+,Höllental-Rax,Höllental-Rax,Niemandsland,Main,Niemandsland,22,448,Höllental-Rax | Niemandsland | SIDDHARTA,image-15.jpg,Readable — manual transcription,85,No,,No exact Row Key,APPROVED_2026-08-01,NEW_CANDIDATE_APPROVED_FOR_REPO_REVIEW,source-verified,NO,NO,false,"Review in PR, then authorize a separate canonical import."
GBR-20260801-0110,GLASPERLENSPIEL,8,UIAA 8+,Höllental-Rax,Höllental-Rax,Niemandsland,Main,Niemandsland,23,448,Höllental-Rax | Niemandsland | GLASPERLENSPIEL,image-15.jpg,Readable — manual transcription,85,No,,No exact Row Key,APPROVED_2026-08-01,NEW_CANDIDATE_APPROVED_FOR_REPO_REVIEW,source-verified,NO,NO,false,"Review in PR, then authorize a separate canonical import."
GBR-20260801-0111,DER KÜBELREITER,10,UIAA 8+,Höllental-Rax,Höllental-Rax,Niemandsland,Main,Niemandsland,24,448,Höllental-Rax | Niemandsland | DER KÜBELREITER,image-15.jpg,Readable — manual transcription,85,No,,No exact Row Key,APPROVED_2026-08-01,NEW_CANDIDATE_APPROVED_FOR_REPO_REVIEW,source-verified,NO,NO,false,"Review in PR, then authorize a separate canonical import."
GBR-20260801-0112,STEPPENWOLF,9-,UIAA 8+,Höllental-Rax,Höllental-Rax,Niemandsland,Main,Niemandsland,25,448,Höllental-Rax | Niemandsland | STEPPENWOLF,image-15.jpg,Readable — manual transcription,85,No,,No exact Row Key,APPROVED_2026-08-01,NEW_CANDIDATE_APPROVED_FOR_REPO_REVIEW,source-verified,NO,NO,false,"Review in PR, then authorize a separate canonical import."
GBR-20260801-0113,DEMIAN,9+,UIAA 8+,Höllental-Rax,Höllental-Rax,Niemandsland,Main,Niemandsland,26,448,Höllental-Rax | Niemandsland | DEMIAN,image-15.jpg,Readable — manual transcription,85,No,,No exact Row Key,APPROVED_2026-08-01,NEW_CANDIDATE_APPROVED_FOR_REPO_REVIEW,source-verified,NO,NO,false,"Review in PR, then authorize a separate canonical import."
GBR-20260801-0114,ANIMAL FARM,8-,UIAA 8+,Höllental-Rax,Höllental-Rax,Niemandsland,Main,Niemandsland,27,448,Höllental-Rax | Niemandsland | ANIMAL FARM,image-15.jpg,Readable — manual transcription,85,No,,No exact Row Key,APPROVED_2026-08-01,NEW_CANDIDATE_APPROVED_FOR_REPO_REVIEW,source-verified,NO,NO,false,"Review in PR, then authorize a separate canonical import."
GBR-20260801-0115,KNEISSL WHITE STAR,9+/10-,UIAA 8+,Höllental-Rax,Höllental-Rax,Niemandsland,Main,Niemandsland,28,448,Höllental-Rax | Niemandsland | KNEISSL WHITE STAR,image-15.jpg,Readable — manual transcription,85,No,,No exact Row Key,APPROVED_2026-08-01,NEW_CANDIDATE_APPROVED_FOR_REPO_REVIEW,source-verified,NO,NO,false,"Review in PR, then authorize a separate canonical import."
GBR-20260801-0116,ELZA,10+/11-,UIAA 8+,Höllental-Rax,Höllental-Rax,Niemandsland,Main,Niemandsland,29,448,Höllental-Rax | Niemandsland | ELZA,image-15.jpg,Readable — manual transcription,85,No,,No exact Row Key,APPROVED_2026-08-01,NEW_CANDIDATE_APPROVED_FOR_REPO_REVIEW,source-verified,NO,NO,false,"Review in PR, then authorize a separate canonical import."
GBR-20260801-0117,TEARS OF HEAVEN,10,UIAA 8+,Höllental-Rax,Höllental-Rax,Niemandsland,Main,Niemandsland,30,448,Höllental-Rax | Niemandsland | TEARS OF HEAVEN,image-15.jpg,Readable — manual transcription,85,No,,No exact Row Key,APPROVED_2026-08-01,NEW_CANDIDATE_APPROVED_FOR_REPO_REVIEW,source-verified,NO,NO,false,"Review in PR, then authorize a separate canonical import."
GBR-20260801-0118,ADA,10+/11-,UIAA 8+,Höllental-Rax,Höllental-Rax,Niemandsland,Main,Niemandsland,31,448,Höllental-Rax | Niemandsland | ADA,image-15.jpg,Readable — manual transcription,85,No,,No exact Row Key,APPROVED_2026-08-01,NEW_CANDIDATE_APPROVED_FOR_REPO_REVIEW,source-verified,NO,NO,false,"Review in PR, then authorize a separate canonical import."
GBR-20260801-0119,JENSEITS DES LUSTGEFÜHLS,10+/11-,UIAA 8+,Höllental-Rax,Höllental-Rax,Niemandsland,Main,Niemandsland,32,448,Höllental-Rax | Niemandsland | JENSEITS DES LUSTGEFÜHLS,image-15.jpg,Readable — manual transcription,85,No,,No exact Row Key,APPROVED_2026-08-01,NEW_CANDIDATE_APPROVED_FOR_REPO_REVIEW,source-verified,NO,NO,false,"Review in PR, then authorize a separate canonical import."
GBR-20260801-0120,INDOTIMES,10+,UIAA 8+,Höllental-Rax,Höllental-Rax,Niemandsland,Main,Niemandsland,33,448,Höllental-Rax | Niemandsland | INDOTIMES,image-15.jpg,Readable — manual transcription,85,No,,No exact Row Key,APPROVED_2026-08-01,NEW_CANDIDATE_APPROVED_FOR_REPO_REVIEW,source-verified,NO,NO,false,"Review in PR, then authorize a separate canonical import."
GBR-20260801-0121,BLUT UND HONIG,11-,UIAA 8+,Höllental-Rax,Höllental-Rax,Niemandsland,Main,Niemandsland,34,448,Höllental-Rax | Niemandsland | BLUT UND HONIG,image-15.jpg,Readable — manual transcription,85,No,,No exact Row Key,APPROVED_2026-08-01,NEW_CANDIDATE_APPROVED_FOR_REPO_REVIEW,source-verified,NO,NO,false,"Review in PR, then authorize a separate canonical import."
GBR-20260801-0122,HONIG,10+/11-,UIAA 8+,Höllental-Rax,Höllental-Rax,Niemandsland,Main,Niemandsland,35,448,Höllental-Rax | Niemandsland | HONIG,image-15.jpg,Readable — manual transcription,85,No,,No exact Row Key,APPROVED_2026-08-01,NEW_CANDIDATE_APPROVED_FOR_REPO_REVIEW,source-verified,NO,NO,false,"Review in PR, then authorize a separate canonical import."
GBR-20260801-0123,BIG SLEEP,9+,UIAA 8+,Höllental-Rax,Höllental-Rax,Niemandsland,Main,Niemandsland,36,448,Höllental-Rax | Niemandsland | BIG SLEEP,image-15.jpg,Readable — manual transcription,85,No,,No exact Row Key,APPROVED_2026-08-01,NEW_CANDIDATE_APPROVED_FOR_REPO_REVIEW,source-verified,NO,NO,false,"Review in PR, then authorize a separate canonical import."
GBR-20260801-0124,VEGAS BABY,10/10+,UIAA 8+,Höllental-Rax,Höllental-Rax,Niemandsland,Main,Niemandsland,37,448,Höllental-Rax | Niemandsland | VEGAS BABY,image-15.jpg,Readable — manual transcription,85,No,,No exact Row Key,APPROVED_2026-08-01,NEW_CANDIDATE_APPROVED_FOR_REPO_REVIEW,source-verified,NO,NO,false,"Review in PR, then authorize a separate canonical import."
GBR-20260801-0125,NICARAGUA,10+,UIAA 8+,Höllental-Rax,Höllental-Rax,Niemandsland,Main,Niemandsland,38,448,Höllental-Rax | Niemandsland | NICARAGUA,image-15.jpg,Readable — manual transcription,85,No,,No exact Row Key,APPROVED_2026-08-01,NEW_CANDIDATE_APPROVED_FOR_REPO_REVIEW,source-verified,NO,NO,false,"Review in PR, then authorize a separate canonical import."
GBR-20260801-0126,STEINFEDER,10/10+,UIAA 8+,Höllental-Rax,Höllental-Rax,Niemandsland,Main,Niemandsland,39,448,Höllental-Rax | Niemandsland | STEINFEDER,image-15.jpg,Readable — manual transcription,85,No,,No exact Row Key,APPROVED_2026-08-01,NEW_CANDIDATE_APPROVED_FOR_REPO_REVIEW,source-verified,NO,NO,false,"Review in PR, then authorize a separate canonical import."
GBR-20260801-0127,NIE PERSONNE LA,8/8+,UIAA 8+,Höllental-Rax,Höllental-Rax,Niemandsland,Main,Niemandsland,40,448,Höllental-Rax | Niemandsland | NIE PERSONNE LA,image-15.jpg,Readable — manual transcription,85,No,,No exact Row Key,APPROVED_2026-08-01,NEW_CANDIDATE_APPROVED_FOR_REPO_REVIEW,source-verified,NO,NO,false,"Review in PR, then authorize a separate canonical import."
GBR-20260801-0128,AIN'T NOBODY SPECIAL,10-,UIAA 8+,Höllental-Rax,Höllental-Rax,Niemandsland,Main,Niemandsland,41,448,Höllental-Rax | Niemandsland | AIN'T NOBODY SPECIAL,image-15.jpg,Readable — manual transcription,85,No,,No exact Row Key,APPROVED_2026-08-01,NEW_CANDIDATE_APPROVED_FOR_REPO_REVIEW,source-verified,NO,NO,false,"Review in PR, then authorize a separate canonical import."
GBR-20260801-0129,RAINBOW WARRIOR,8-,UIAA 8+,Höllental-Rax,Höllental-Rax,Niemandsland,Main,Niemandsland,42,448,Höllental-Rax | Niemandsland | RAINBOW WARRIOR,image-15.jpg,Readable — manual transcription,85,No,,No exact Row Key,APPROVED_2026-08-01,NEW_CANDIDATE_APPROVED_FOR_REPO_REVIEW,source-verified,NO,NO,false,"Review in PR, then authorize a separate canonical import."
GBR-20260801-0130,MACHTSPIEL DER GEFÜHLLOSEN,7/7+,UIAA 5–7,Höllental-Rax,Höllental-Rax,Niemandsland,Main,Niemandsland,43,448,Höllental-Rax | Niemandsland | MACHTSPIEL DER GEFÜHLLOSEN,image-15.jpg,Readable — manual transcription,85,No,,No exact Row Key,APPROVED_2026-08-01,NEW_CANDIDATE_APPROVED_FOR_REPO_REVIEW,source-verified,NO,NO,false,"Review in PR, then authorize a separate canonical import."
GBR-20260801-0131,DER KLEINE HUDINI,8-,UIAA 8+,Höllental-Rax,Höllental-Rax,Niemandsland,Main,Niemandsland,44,448,Höllental-Rax | Niemandsland | DER KLEINE HUDINI,image-15.jpg,Readable — manual transcription,85,No,,No exact Row Key,APPROVED_2026-08-01,NEW_CANDIDATE_APPROVED_FOR_REPO_REVIEW,source-verified,NO,NO,false,"Review in PR, then authorize a separate canonical import."
GBR-20260801-0132,WHITE FALLOUT,8-,UIAA 8+,Höllental-Rax,Höllental-Rax,Niemandsland,Main,Niemandsland,45,448,Höllental-Rax | Niemandsland | WHITE FALLOUT,image-15.jpg,Readable — manual transcription,85,No,,No exact Row Key,APPROVED_2026-08-01,NEW_CANDIDATE_APPROVED_FOR_REPO_REVIEW,source-verified,NO,NO,false,"Review in PR, then authorize a separate canonical import."
GBR-20260801-0133,SHORT CUTS,9+,UIAA 8+,Höllental-Rax,Höllental-Rax,Niemandsland,Main,Niemandsland,46,448,Höllental-Rax | Niemandsland | SHORT CUTS,image-15.jpg,Readable — manual transcription,85,No,,No exact Row Key,APPROVED_2026-08-01,NEW_CANDIDATE_APPROVED_FOR_REPO_REVIEW,source-verified,NO,NO,false,"Review in PR, then authorize a separate canonical import."
GBR-20260801-0134,SEIDELTOUR,7,UIAA 5–7,Höllental-Rax,Höllental-Rax,Handlesberg,Main,Handlesberg,1,451,Höllental-Rax | Handlesberg | SEIDELTOUR,image-16.jpg,Readable — manual transcription,85,No,,No exact Row Key,APPROVED_2026-08-01,NEW_CANDIDATE_APPROVED_FOR_REPO_REVIEW,source-verified,NO,NO,false,"Review in PR, then authorize a separate canonical import."
GBR-20260801-0135,ELEFANTU,7+/8-,UIAA 5–7,Höllental-Rax,Höllental-Rax,Handlesberg,Main,Handlesberg,2,451,Höllental-Rax | Handlesberg | ELEFANTU,image-16.jpg,Readable — manual transcription,85,No,,No exact Row Key,APPROVED_2026-08-01,NEW_CANDIDATE_APPROVED_FOR_REPO_REVIEW,source-verified,NO,NO,false,"Review in PR, then authorize a separate canonical import."
GBR-20260801-0136,ELEFANTU VARIANTEN,8,UIAA 8+,Höllental-Rax,Höllental-Rax,Handlesberg,Main,Handlesberg,3,451,Höllental-Rax | Handlesberg | ELEFANTU VARIANTEN,image-16.jpg,Readable — manual transcription,85,No,,No exact Row Key,APPROVED_2026-08-01,NEW_CANDIDATE_APPROVED_FOR_REPO_REVIEW,source-verified,NO,NO,false,"Review in PR, then authorize a separate canonical import."
GBR-20260801-0137,HELDEN IN TIROL,9-/9,UIAA 8+,Höllental-Rax,Höllental-Rax,Handlesberg,Main,Handlesberg,4,451,Höllental-Rax | Handlesberg | HELDEN IN TIROL,image-16.jpg,Readable — manual transcription,85,No,,No exact Row Key,APPROVED_2026-08-01,NEW_CANDIDATE_APPROVED_FOR_REPO_REVIEW,source-verified,NO,NO,false,"Review in PR, then authorize a separate canonical import."
GBR-20260801-0138,HOLA DI LA,9-/9,UIAA 8+,Höllental-Rax,Höllental-Rax,Handlesberg,Main,Handlesberg,5,451,Höllental-Rax | Handlesberg | HOLA DI LA,image-16.jpg,Readable — manual transcription,85,No,,No exact Row Key,APPROVED_2026-08-01,NEW_CANDIDATE_APPROVED_FOR_REPO_REVIEW,source-verified,NO,NO,false,"Review in PR, then authorize a separate canonical import."
GBR-20260801-0139,FELIX AUSTRIA,9-,UIAA 8+,Höllental-Rax,Höllental-Rax,Handlesberg,Main,Handlesberg,6,451,Höllental-Rax | Handlesberg | FELIX AUSTRIA,image-16.jpg,Readable — manual transcription,85,No,,No exact Row Key,APPROVED_2026-08-01,NEW_CANDIDATE_APPROVED_FOR_REPO_REVIEW,source-verified,NO,NO,false,"Review in PR, then authorize a separate canonical import."
GBR-20260801-0140,PIZZA HAPPY,8-,UIAA 8+,Höllental-Rax,Höllental-Rax,Handlesberg,Main,Handlesberg,8,451,Höllental-Rax | Handlesberg | PIZZA HAPPY,image-16.jpg,Readable — manual transcription,85,No,,No exact Row Key,APPROVED_2026-08-01,NEW_CANDIDATE_APPROVED_FOR_REPO_REVIEW,source-verified,NO,NO,false,"Review in PR, then authorize a separate canonical import."
GBR-20260801-0141,BENZINBRÜDER,8,UIAA 8+,Höllental-Rax,Höllental-Rax,Handlesberg,Main,Handlesberg,9,451,Höllental-Rax | Handlesberg | BENZINBRÜDER,image-16.jpg,Readable — manual transcription,85,No,,No exact Row Key,APPROVED_2026-08-01,NEW_CANDIDATE_APPROVED_FOR_REPO_REVIEW,source-verified,NO,NO,false,"Review in PR, then authorize a separate canonical import."
GBR-20260801-0142,SCHIFF AHOI,9+,UIAA 8+,Höllental-Rax,Höllental-Rax,Handlesberg,Main,Handlesberg,10,451,Höllental-Rax | Handlesberg | SCHIFF AHOI,image-16.jpg,Readable — manual transcription,85,No,,No exact Row Key,APPROVED_2026-08-01,NEW_CANDIDATE_APPROVED_FOR_REPO_REVIEW,source-verified,NO,NO,false,"Review in PR, then authorize a separate canonical import."
GBR-20260801-0143,BUM SHIVA,8+,UIAA 8+,Höllental-Rax,Höllental-Rax,Handlesberg,Main,Handlesberg,11,451,Höllental-Rax | Handlesberg | BUM SHIVA,image-16.jpg,Readable — manual transcription,85,No,,No exact Row Key,APPROVED_2026-08-01,NEW_CANDIDATE_APPROVED_FOR_REPO_REVIEW,source-verified,NO,NO,false,"Review in PR, then authorize a separate canonical import."
GBR-20260801-0144,SHORTY,9-/9,UIAA 8+,Höllental-Rax,Höllental-Rax,Handlesberg,Main,Handlesberg,12,451,Höllental-Rax | Handlesberg | SHORTY,image-16.jpg,Readable — manual transcription,85,No,,No exact Row Key,APPROVED_2026-08-01,NEW_CANDIDATE_APPROVED_FOR_REPO_REVIEW,source-verified,NO,NO,false,"Review in PR, then authorize a separate canonical import."
GBR-20260801-0145,SCHATTENSCHUPFER,9+,UIAA 8+,Höllental-Rax,Höllental-Rax,Handlesberg,Main,Handlesberg,17,451,Höllental-Rax | Handlesberg | SCHATTENSCHUPFER,image-16.jpg,Readable — manual transcription,85,No,,No exact Row Key,APPROVED_2026-08-01,NEW_CANDIDATE_APPROVED_FOR_REPO_REVIEW,source-verified,NO,NO,false,"Review in PR, then authorize a separate canonical import."
GBR-20260801-0146,FROST & RAT,8-,UIAA 8+,Höllental-Rax,Höllental-Rax,Handlesberg,Main,Handlesberg,18,451,Höllental-Rax | Handlesberg | FROST & RAT,image-16.jpg,Readable — manual transcription,85,No,,No exact Row Key,APPROVED_2026-08-01,NEW_CANDIDATE_APPROVED_FOR_REPO_REVIEW,source-verified,NO,NO,false,"Review in PR, then authorize a separate canonical import."
GBR-20260801-0147,FOLGSTROM,9/9+,UIAA 8+,Höllental-Rax,Höllental-Rax,Handlesberg,Main,Handlesberg,19,451,Höllental-Rax | Handlesberg | FOLGSTROM,image-16.jpg,Readable — manual transcription,85,No,,No exact Row Key,APPROVED_2026-08-01,NEW_CANDIDATE_APPROVED_FOR_REPO_REVIEW,source-verified,NO,NO,false,"Review in PR, then authorize a separate canonical import."
GBR-20260801-0148,SHELLYARDINE,9-,UIAA 8+,Höllental-Rax,Höllental-Rax,Handlesberg,Main,Handlesberg,20,451,Höllental-Rax | Handlesberg | SHELLYARDINE,image-16.jpg,Readable — manual transcription,85,No,,No exact Row Key,APPROVED_2026-08-01,NEW_CANDIDATE_APPROVED_FOR_REPO_REVIEW,source-verified,NO,NO,false,"Review in PR, then authorize a separate canonical import."
GBR-20260801-0149,CUORE SPORTIVO,9+/10-,UIAA 8+,Höllental-Rax,Höllental-Rax,Handlesberg,Main,Handlesberg,21,451,Höllental-Rax | Handlesberg | CUORE SPORTIVO,image-16.jpg,Readable — manual transcription,85,No,,No exact Row Key,APPROVED_2026-08-01,NEW_CANDIDATE_APPROVED_FOR_REPO_REVIEW,source-verified,NO,NO,false,"Review in PR, then authorize a separate canonical import."
GBR-20260801-0150,JUMP STYLE OIDA,10-,UIAA 8+,Höllental-Rax,Höllental-Rax,Handlesberg,Main,Handlesberg,22,451,Höllental-Rax | Handlesberg | JUMP STYLE OIDA,image-16.jpg,Readable — manual transcription,85,No,,No exact Row Key,APPROVED_2026-08-01,NEW_CANDIDATE_APPROVED_FOR_REPO_REVIEW,source-verified,NO,NO,false,"Review in PR, then authorize a separate canonical import."
GBR-20260801-0151,KOMBI,10-,UIAA 8+,Höllental-Rax,Höllental-Rax,Handlesberg,Main,Handlesberg,23,451,Höllental-Rax | Handlesberg | KOMBI,image-16.jpg,Readable — manual transcription,85,No,,No exact Row Key,APPROVED_2026-08-01,NEW_CANDIDATE_APPROVED_FOR_REPO_REVIEW,source-verified,NO,NO,false,"Review in PR, then authorize a separate canonical import."
GBR-20260801-0152,SPONSORED BY FAMILY,10,UIAA 8+,Höllental-Rax,Höllental-Rax,Handlesberg,Main,Handlesberg,24,451,Höllental-Rax | Handlesberg | SPONSORED BY FAMILY,image-16.jpg,Readable — manual transcription,85,No,,No exact Row Key,APPROVED_2026-08-01,NEW_CANDIDATE_APPROVED_FOR_REPO_REVIEW,source-verified,NO,NO,false,"Review in PR, then authorize a separate canonical import."
GBR-20260801-0153,WASSERSPIEL,10-,UIAA 8+,Höllental-Rax,Höllental-Rax,Handlesberg,Main,Handlesberg,27,451,Höllental-Rax | Handlesberg | WASSERSPIEL,image-16.jpg,Readable — manual transcription,85,No,,No exact Row Key,APPROVED_2026-08-01,NEW_CANDIDATE_APPROVED_FOR_REPO_REVIEW,source-verified,NO,NO,false,"Review in PR, then authorize a separate canonical import."
GBR-20260801-0154,AUS DER MITTE ENTSPRINGT EIN FLUSS,9+/10-,UIAA 8+,Höllental-Rax,Höllental-Rax,Handlesberg,Main,Handlesberg,28,451,Höllental-Rax | Handlesberg | AUS DER MITTE ENTSPRINGT EIN FLUSS,image-16.jpg,Readable — manual transcription,85,No,,No exact Row Key,APPROVED_2026-08-01,NEW_CANDIDATE_APPROVED_FOR_REPO_REVIEW,source-verified,NO,NO,false,"Review in PR, then authorize a separate canonical import."
GBR-20260801-0155,DEUS EX MACHINA,9-,UIAA 8+,Höllental-Rax,Höllental-Rax,Handlesberg,Main,Handlesberg,29,451,Höllental-Rax | Handlesberg | DEUS EX MACHINA,image-16.jpg,Readable — manual transcription,85,No,,No exact Row Key,APPROVED_2026-08-01,NEW_CANDIDATE_APPROVED_FOR_REPO_REVIEW,source-verified,NO,NO,false,"Review in PR, then authorize a separate canonical import."
GBR-20260801-0156,SMARTIES,7+,UIAA 5–7,Höllental-Rax,Höllental-Rax,Handlesberg,Main,Handlesberg,30,451,Höllental-Rax | Handlesberg | SMARTIES,image-16.jpg,Readable — manual transcription,85,No,,No exact Row Key,APPROVED_2026-08-01,NEW_CANDIDATE_APPROVED_FOR_REPO_REVIEW,source-verified,NO,NO,false,"Review in PR, then authorize a separate canonical import."
GBR-20260801-0157,KA IDEE,9-,UIAA 8+,Höllental-Rax,Höllental-Rax,Handlesberg,Main,Handlesberg,31,451,Höllental-Rax | Handlesberg | KA IDEE,image-16.jpg,Readable — manual transcription,85,No,,No exact Row Key,APPROVED_2026-08-01,NEW_CANDIDATE_APPROVED_FOR_REPO_REVIEW,source-verified,NO,NO,false,"Review in PR, then authorize a separate canonical import."
GBR-20260801-0158,ZUFLUCHT DER SÜNDER,8/8+,UIAA 8+,Höllental-Rax,Höllental-Rax,Handlesberg,Main,Handlesberg,32,451,Höllental-Rax | Handlesberg | ZUFLUCHT DER SÜNDER,image-16.jpg,Readable — manual transcription,85,No,,No exact Row Key,APPROVED_2026-08-01,NEW_CANDIDATE_APPROVED_FOR_REPO_REVIEW,source-verified,NO,NO,false,"Review in PR, then authorize a separate canonical import."
GBR-20260801-0159,FRISBEEKANTE,5,UIAA 5–7,Höllental-Rax,Höllental-Rax,Frisbee Platte,Main,Frisbee Platte,1,455,Höllental-Rax | Frisbee Platte | FRISBEEKANTE,image-18.jpg,Readable — manual transcription,85,No,,No exact Row Key,APPROVED_2026-08-01,NEW_CANDIDATE_APPROVED_FOR_REPO_REVIEW,source-verified,NO,NO,false,"Review in PR, then authorize a separate canonical import."
GBR-20260801-0160,EIN TRAUM FÜR HARRY BRAUN,6+,UIAA 5–7,Höllental-Rax,Höllental-Rax,Frisbee Platte,Main,Frisbee Platte,2,455,Höllental-Rax | Frisbee Platte | EIN TRAUM FÜR HARRY BRAUN,image-18.jpg,Readable — manual transcription,85,No,,No exact Row Key,APPROVED_2026-08-01,NEW_CANDIDATE_APPROVED_FOR_REPO_REVIEW,source-verified,NO,NO,false,"Review in PR, then authorize a separate canonical import."
GBR-20260801-0161,MERRY CHRISTMAS,4-,UIAA 1–4,Höllental-Rax,Höllental-Rax,Frisbee Platte,Main,Frisbee Platte,3,455,Höllental-Rax | Frisbee Platte | MERRY CHRISTMAS,image-18.jpg,Readable — manual transcription,85,No,,No exact Row Key,APPROVED_2026-08-01,NEW_CANDIDATE_APPROVED_FOR_REPO_REVIEW,source-verified,NO,NO,false,"Review in PR, then authorize a separate canonical import."
GBR-20260801-0162,KUH ROSL IN DER MATERIALSEILBAHN,5+,UIAA 5–7,Höllental-Rax,Höllental-Rax,Frisbee Platte,Main,Frisbee Platte,4,455,Höllental-Rax | Frisbee Platte | KUH ROSL IN DER MATERIALSEILBAHN,image-18.jpg,Readable — manual transcription,85,No,,No exact Row Key,APPROVED_2026-08-01,NEW_CANDIDATE_APPROVED_FOR_REPO_REVIEW,source-verified,NO,NO,false,"Review in PR, then authorize a separate canonical import."
GBR-20260801-0163,EINSATZ DES PROTOTYPEN,7-,UIAA 5–7,Höllental-Rax,Höllental-Rax,Frisbee Platte,Main,Frisbee Platte,5,455,Höllental-Rax | Frisbee Platte | EINSATZ DES PROTOTYPEN,image-18.jpg,Readable — manual transcription,85,No,,No exact Row Key,APPROVED_2026-08-01,NEW_CANDIDATE_APPROVED_FOR_REPO_REVIEW,source-verified,NO,NO,false,"Review in PR, then authorize a separate canonical import."
GBR-20260801-0164,EINE HAB ICH NOCH,7-,UIAA 5–7,Höllental-Rax,Höllental-Rax,Frisbee Platte,Main,Frisbee Platte,6,455,Höllental-Rax | Frisbee Platte | EINE HAB ICH NOCH,image-18.jpg,Readable — manual transcription,85,No,,No exact Row Key,APPROVED_2026-08-01,NEW_CANDIDATE_APPROVED_FOR_REPO_REVIEW,source-verified,NO,NO,false,"Review in PR, then authorize a separate canonical import."
GBR-20260801-0165,HAPPY BIRTHDAY KURTL,7,UIAA 5–7,Höllental-Rax,Höllental-Rax,Frisbee Platte,Main,Frisbee Platte,7,455,Höllental-Rax | Frisbee Platte | HAPPY BIRTHDAY KURTL,image-18.jpg,Readable — manual transcription,85,No,,No exact Row Key,APPROVED_2026-08-01,NEW_CANDIDATE_APPROVED_FOR_REPO_REVIEW,source-verified,NO,NO,false,"Review in PR, then authorize a separate canonical import."
GBR-20260801-0166,HERBSTGOLD,7-,UIAA 5–7,Höllental-Rax,Höllental-Rax,Frisbee Platte,Main,Frisbee Platte,8,455,Höllental-Rax | Frisbee Platte | HERBSTGOLD,image-18.jpg,Readable — manual transcription,85,No,,No exact Row Key,APPROVED_2026-08-01,NEW_CANDIDATE_APPROVED_FOR_REPO_REVIEW,source-verified,NO,NO,false,"Review in PR, then authorize a separate canonical import."
GBR-20260801-0167,REICHER VARIANTE,6+,UIAA 5–7,Höllental-Rax,Höllental-Rax,Frisbee Platte,Main,Frisbee Platte,9,455,Höllental-Rax | Frisbee Platte | REICHER VARIANTE,image-18.jpg,Readable — manual transcription,85,No,,No exact Row Key,APPROVED_2026-08-01,NEW_CANDIDATE_APPROVED_FOR_REPO_REVIEW,source-verified,NO,NO,false,"Review in PR, then authorize a separate canonical import."
GBR-20260801-0168,ALTER AUSSTIEGSRISS,7+,UIAA 5–7,Höllental-Rax,Höllental-Rax,Frisbee Platte,Main,Frisbee Platte,10,455,Höllental-Rax | Frisbee Platte | ALTER AUSSTIEGSRISS,image-18.jpg,Readable — manual transcription,85,No,,No exact Row Key,APPROVED_2026-08-01,NEW_CANDIDATE_APPROVED_FOR_REPO_REVIEW,source-verified,NO,NO,false,"Review in PR, then authorize a separate canonical import."
GBR-20260801-0169,TIRAMISU LIGHT,7-,UIAA 5–7,Höllental-Rax,Höllental-Rax,Frisbee Platte,Main,Frisbee Platte,11,455,Höllental-Rax | Frisbee Platte | TIRAMISU LIGHT,image-18.jpg,Readable — manual transcription,85,No,,No exact Row Key,APPROVED_2026-08-01,NEW_CANDIDATE_APPROVED_FOR_REPO_REVIEW,source-verified,NO,NO,false,"Review in PR, then authorize a separate canonical import."
GBR-20260801-0170,ALTER TIRAMISU AUSSTIEG,8+,UIAA 8+,Höllental-Rax,Höllental-Rax,Frisbee Platte,Main,Frisbee Platte,12,455,Höllental-Rax | Frisbee Platte | ALTER TIRAMISU AUSSTIEG,image-18.jpg,Readable — manual transcription,85,No,,No exact Row Key,APPROVED_2026-08-01,NEW_CANDIDATE_APPROVED_FOR_REPO_REVIEW,source-verified,NO,NO,false,"Review in PR, then authorize a separate canonical import."
GBR-20260801-0171,TIRAMISU NEU,6+,UIAA 5–7,Höllental-Rax,Höllental-Rax,Frisbee Platte,Main,Frisbee Platte,13,455,Höllental-Rax | Frisbee Platte | TIRAMISU NEU,image-18.jpg,Readable — manual transcription,85,No,,No exact Row Key,APPROVED_2026-08-01,NEW_CANDIDATE_APPROVED_FOR_REPO_REVIEW,source-verified,NO,NO,false,"Review in PR, then authorize a separate canonical import."
GBR-20260801-0172,TIRAMISU,8-,UIAA 8+,Höllental-Rax,Höllental-Rax,Frisbee Platte,Main,Frisbee Platte,14,455,Höllental-Rax | Frisbee Platte | TIRAMISU,image-18.jpg,Readable — manual transcription,85,No,,No exact Row Key,APPROVED_2026-08-01,NEW_CANDIDATE_APPROVED_FOR_REPO_REVIEW,source-verified,NO,NO,false,"Review in PR, then authorize a separate canonical import."
GBR-20260801-0173,KILLINGFIELDS,5,UIAA 5–7,Höllental-Rax,Höllental-Rax,Frisbee Platte,Main,Frisbee Platte,15,455,Höllental-Rax | Frisbee Platte | KILLINGFIELDS,image-18.jpg,Readable — manual transcription,85,No,,No exact Row Key,APPROVED_2026-08-01,NEW_CANDIDATE_APPROVED_FOR_REPO_REVIEW,source-verified,NO,NO,false,"Review in PR, then authorize a separate canonical import."
GBR-20260801-0174,KILLINGFIELDS 2SL,8+/9-,UIAA 8+,Höllental-Rax,Höllental-Rax,Frisbee Platte,Main,Frisbee Platte,16,455,Höllental-Rax | Frisbee Platte | KILLINGFIELDS 2SL,image-18.jpg,Readable — manual transcription,85,No,,No exact Row Key,APPROVED_2026-08-01,NEW_CANDIDATE_APPROVED_FOR_REPO_REVIEW,source-verified,NO,NO,false,"Review in PR, then authorize a separate canonical import."
GBR-20260801-0175,KURZBART,7-,UIAA 5–7,Höllental-Rax,Höllental-Rax,Frisbee Platte,Main,Frisbee Platte,17,455,Höllental-Rax | Frisbee Platte | KURZBART,image-18.jpg,Readable — manual transcription,85,No,,No exact Row Key,APPROVED_2026-08-01,NEW_CANDIDATE_APPROVED_FOR_REPO_REVIEW,source-verified,NO,NO,false,"Review in PR, then authorize a separate canonical import."
GBR-20260801-0176,LANGBART,9,UIAA 8+,Höllental-Rax,Höllental-Rax,Frisbee Platte,Main,Frisbee Platte,18,455,Höllental-Rax | Frisbee Platte | LANGBART,image-18.jpg,Readable — manual transcription,85,No,,No exact Row Key,APPROVED_2026-08-01,NEW_CANDIDATE_APPROVED_FOR_REPO_REVIEW,source-verified,NO,NO,false,"Review in PR, then authorize a separate canonical import."
GBR-20260801-0177,FRISBEEPLATTE,8-,UIAA 8+,Höllental-Rax,Höllental-Rax,Frisbee Platte,Main,Frisbee Platte,19,455,Höllental-Rax | Frisbee Platte | FRISBEEPLATTE,image-18.jpg,Readable — manual transcription,85,No,,No exact Row Key,APPROVED_2026-08-01,NEW_CANDIDATE_APPROVED_FOR_REPO_REVIEW,source-verified,NO,NO,false,"Review in PR, then authorize a separate canonical import."
GBR-20260801-0178,OBERE FRISBEEPLATTE,8,UIAA 8+,Höllental-Rax,Höllental-Rax,Frisbee Platte,Main,Frisbee Platte,20,455,Höllental-Rax | Frisbee Platte | OBERE FRISBEEPLATTE,image-18.jpg,Readable — manual transcription,85,No,,No exact Row Key,APPROVED_2026-08-01,NEW_CANDIDATE_APPROVED_FOR_REPO_REVIEW,source-verified,NO,NO,false,"Review in PR, then authorize a separate canonical import."
GBR-20260801-0179,HAGALAZ,8,UIAA 8+,Höllental-Rax,Höllental-Rax,Frisbee Platte,Main,Frisbee Platte,21,455,Höllental-Rax | Frisbee Platte | HAGALAZ,image-18.jpg,Readable — manual transcription,85,No,,No exact Row Key,APPROVED_2026-08-01,NEW_CANDIDATE_APPROVED_FOR_REPO_REVIEW,source-verified,NO,NO,false,"Review in PR, then authorize a separate canonical import."
GBR-20260801-0180,HAGAL,7+,UIAA 5–7,Höllental-Rax,Höllental-Rax,Frisbee Platte,Main,Frisbee Platte,22,455,Höllental-Rax | Frisbee Platte | HAGAL,image-18.jpg,Readable — manual transcription,85,No,,No exact Row Key,APPROVED_2026-08-01,NEW_CANDIDATE_APPROVED_FOR_REPO_REVIEW,source-verified,NO,NO,false,"Review in PR, then authorize a separate canonical import."
GBR-20260801-0181,VERLÄNGERUNG,8+,UIAA 8+,Höllental-Rax,Höllental-Rax,Frisbee Platte,Main,Frisbee Platte,23,455,Höllental-Rax | Frisbee Platte | VERLÄNGERUNG,image-18.jpg,Readable — manual transcription,85,No,,No exact Row Key,APPROVED_2026-08-01,NEW_CANDIDATE_APPROVED_FOR_REPO_REVIEW,source-verified,NO,NO,false,"Review in PR, then authorize a separate canonical import."
GBR-20260801-0182,QUATTRO BIRTHDAY,7+/8-,UIAA 5–7,Höllental-Rax,Höllental-Rax,Frisbee Platte,Main,Frisbee Platte,24,455,Höllental-Rax | Frisbee Platte | QUATTRO BIRTHDAY,image-18.jpg,Readable — manual transcription,85,No,,No exact Row Key,APPROVED_2026-08-01,NEW_CANDIDATE_APPROVED_FOR_REPO_REVIEW,source-verified,NO,NO,false,"Review in PR, then authorize a separate canonical import."
GBR-20260801-0183,2SL,6+,UIAA 5–7,Höllental-Rax,Höllental-Rax,Frisbee Platte,Main,Frisbee Platte,25,455,Höllental-Rax | Frisbee Platte | 2SL,image-18.jpg,Readable — manual transcription,85,No,,No exact Row Key,APPROVED_2026-08-01,NEW_CANDIDATE_APPROVED_FOR_REPO_REVIEW,source-verified,NO,NO,false,"Review in PR, then authorize a separate canonical import."
GBR-20260801-0184,VOLKSMUSIK,7+/8-,UIAA 5–7,Höllental-Rax,Höllental-Rax,Frisbee Platte,Main,Frisbee Platte,28,455,Höllental-Rax | Frisbee Platte | VOLKSMUSIK,image-18.jpg,Readable — manual transcription,85,No,,No exact Row Key,APPROVED_2026-08-01,NEW_CANDIDATE_APPROVED_FOR_REPO_REVIEW,source-verified,NO,NO,false,"Review in PR, then authorize a separate canonical import."
GBR-20260801-0185,OHNE KRAFT UND FREUDE,8,UIAA 8+,Höllental-Rax,Höllental-Rax,Frisbee Platte,Main,Frisbee Platte,29,455,Höllental-Rax | Frisbee Platte | OHNE KRAFT UND FREUDE,image-18.jpg,Readable — manual transcription,85,No,,No exact Row Key,APPROVED_2026-08-01,NEW_CANDIDATE_APPROVED_FOR_REPO_REVIEW,source-verified,NO,NO,false,"Review in PR, then authorize a separate canonical import."
GBR-20260801-0186,HAURUCK,8+/9-,UIAA 8+,Höllental-Rax,Höllental-Rax,Frisbee Platte,Main,Frisbee Platte,30,455,Höllental-Rax | Frisbee Platte | HAURUCK,image-18.jpg,Readable — manual transcription,85,No,,No exact Row Key,APPROVED_2026-08-01,NEW_CANDIDATE_APPROVED_FOR_REPO_REVIEW,source-verified,NO,NO,false,"Review in PR, then authorize a separate canonical import."
GBR-20260801-0187,HONORI,7-,UIAA 5–7,Höllental-Rax,Höllental-Rax,Frisbee Platte,Main,Frisbee Platte,31,455,Höllental-Rax | Frisbee Platte | HONORI,image-18.jpg,Readable — manual transcription,85,No,,No exact Row Key,APPROVED_2026-08-01,NEW_CANDIDATE_APPROVED_FOR_REPO_REVIEW,source-verified,NO,NO,false,"Review in PR, then authorize a separate canonical import."
GBR-20260801-0188,AGAINST,10+/11-,UIAA 8+,Höllental-Rax,Höllental-Rax,Frisbee Platte,Main,Frisbee Platte,33,455,Höllental-Rax | Frisbee Platte | AGAINST,image-18.jpg,Readable — manual transcription,85,No,,No exact Row Key,APPROVED_2026-08-01,NEW_CANDIDATE_APPROVED_FOR_REPO_REVIEW,source-verified,NO,NO,false,"Review in PR, then authorize a separate canonical import."
