latitude,longitude,altitude(m),heading(deg),curvesize(m),rotationdir,gimbalmode,gimbalpitchangle,actiontype1,actionparam1,actiontype2,actionparam2,actiontype3,actionparam3,actiontype4,actionparam4,actiontype5,actionparam5,actiontype6,actionparam6,actiontype7,actionparam7,actiontype8,actionparam8,actiontype9,actionparam9,actiontype10,actionparam10,actiontype11,actionparam11,actiontype12,actionparam12,actiontype13,actionparam13,actiontype14,actionparam14,actiontype15,actionparam15,altitudemode,speed(m/s),poi_latitude,poi_longitude,poi_altitude(m),poi_altitudemode,photo_timeinterval,photo_distinterval
48.4018707,15.5176638,432.3,0,0,0,0,-90,-1,0,-1,0,-1,0,-1,0,-1,0,-1,0,-1,0,-1,0,-1,0,-1,0,-1,0,-1,0,-1,0,-1,0,-1,0,1,4.0,0,0,0,0,-1,21.4
48.4036793,15.5176638,432.3,0,0,0,0,-90,-1,0,-1,0,-1,0,-1,0,-1,0,-1,0,-1,0,-1,0,-1,0,-1,0,-1,0,-1,0,-1,0,-1,0,-1,0,1,4.0,0,0,0,0,-1,21.4
48.4036793,15.5179565,432.3,180,0,0,0,-90,-1,0,-1,0,-1,0,-1,0,-1,0,-1,0,-1,0,-1,0,-1,0,-1,0,-1,0,-1,0,-1,0,-1,0,-1,0,1,4.0,0,0,0,0,-1,21.4
48.4018707,15.5179565,432.3,180,0,0,0,-90,-1,0,-1,0,-1,0,-1,0,-1,0,-1,0,-1,0,-1,0,-1,0,-1,0,-1,0,-1,0,-1,0,-1,0,-1,0,1,4.0,0,0,0,0,-1,21.4
48.4018707,15.5182492,432.3,0,0,0,0,-90,-1,0,-1,0,-1,0,-1,0,-1,0,-1,0,-1,0,-1,0,-1,0,-1,0,-1,0,-1,0,-1,0,-1,0,-1,0,1,4.0,0,0,0,0,-1,21.4
48.4036793,15.5182492,432.3,0,0,0,0,-90,-1,0,-1,0,-1,0,-1,0,-1,0,-1,0,-1,0,-1,0,-1,0,-1,0,-1,0,-1,0,-1,0,-1,0,-1,0,1,4.0,0,0,0,0,-1,21.4
48.4036793,15.518542,432.3,180,0,0,0,-90,-1,0,-1,0,-1,0,-1,0,-1,0,-1,0,-1,0,-1,0,-1,0,-1,0,-1,0,-1,0,-1,0,-1,0,-1,0,1,4.0,0,0,0,0,-1,21.4
48.4018707,15.518542,432.3,180,0,0,0,-90,-1,0,-1,0,-1,0,-1,0,-1,0,-1,0,-1,0,-1,0,-1,0,-1,0,-1,0,-1,0,-1,0,-1,0,-1,0,1,4.0,0,0,0,0,-1,21.4
48.4018707,15.5188347,432.3,0,0,0,0,-90,-1,0,-1,0,-1,0,-1,0,-1,0,-1,0,-1,0,-1,0,-1,0,-1,0,-1,0,-1,0,-1,0,-1,0,-1,0,1,4.0,0,0,0,0,-1,21.4
48.4036793,15.5188347,432.3,0,0,0,0,-90,-1,0,-1,0,-1,0,-1,0,-1,0,-1,0,-1,0,-1,0,-1,0,-1,0,-1,0,-1,0,-1,0,-1,0,-1,0,1,4.0,0,0,0,0,-1,21.4
48.4036793,15.5191274,432.3,180,0,0,0,-90,-1,0,-1,0,-1,0,-1,0,-1,0,-1,0,-1,0,-1,0,-1,0,-1,0,-1,0,-1,0,-1,0,-1,0,-1,0,1,4.0,0,0,0,0,-1,21.4
48.4018707,15.5191274,432.3,180,0,0,0,-90,-1,0,-1,0,-1,0,-1,0,-1,0,-1,0,-1,0,-1,0,-1,0,-1,0,-1,0,-1,0,-1,0,-1,0,-1,0,1,4.0,0,0,0,0,-1,21.4
48.4018707,15.5194202,432.3,0,0,0,0,-90,-1,0,-1,0,-1,0,-1,0,-1,0,-1,0,-1,0,-1,0,-1,0,-1,0,-1,0,-1,0,-1,0,-1,0,-1,0,1,4.0,0,0,0,0,-1,21.4
48.4036793,15.5194202,432.3,0,0,0,0,-90,-1,0,-1,0,-1,0,-1,0,-1,0,-1,0,-1,0,-1,0,-1,0,-1,0,-1,0,-1,0,-1,0,-1,0,-1,0,1,4.0,0,0,0,0,-1,21.4
48.4036793,15.5197129,432.3,180,0,0,0,-90,-1,0,-1,0,-1,0,-1,0,-1,0,-1,0,-1,0,-1,0,-1,0,-1,0,-1,0,-1,0,-1,0,-1,0,-1,0,1,4.0,0,0,0,0,-1,21.4
48.4018707,15.5197129,432.3,180,0,0,0,-90,-1,0,-1,0,-1,0,-1,0,-1,0,-1,0,-1,0,-1,0,-1,0,-1,0,-1,0,-1,0,-1,0,-1,0,-1,0,1,4.0,0,0,0,0,-1,21.4
48.4018707,15.5200056,432.3,0,0,0,0,-90,-1,0,-1,0,-1,0,-1,0,-1,0,-1,0,-1,0,-1,0,-1,0,-1,0,-1,0,-1,0,-1,0,-1,0,-1,0,1,4.0,0,0,0,0,-1,21.4
48.4036793,15.5200056,432.3,0,0,0,0,-90,-1,0,-1,0,-1,0,-1,0,-1,0,-1,0,-1,0,-1,0,-1,0,-1,0,-1,0,-1,0,-1,0,-1,0,-1,0,1,4.0,0,0,0,0,-1,21.4
48.4036793,15.5202984,432.3,180,0,0,0,-90,-1,0,-1,0,-1,0,-1,0,-1,0,-1,0,-1,0,-1,0,-1,0,-1,0,-1,0,-1,0,-1,0,-1,0,-1,0,1,4.0,0,0,0,0,-1,21.4
48.4018707,15.5202984,432.3,180,0,0,0,-90,-1,0,-1,0,-1,0,-1,0,-1,0,-1,0,-1,0,-1,0,-1,0,-1,0,-1,0,-1,0,-1,0,-1,0,-1,0,1,4.0,0,0,0,0,-1,21.4
48.4018707,15.5205911,432.3,0,0,0,0,-90,-1,0,-1,0,-1,0,-1,0,-1,0,-1,0,-1,0,-1,0,-1,0,-1,0,-1,0,-1,0,-1,0,-1,0,-1,0,1,4.0,0,0,0,0,-1,21.4
48.4036793,15.5205911,432.3,0,0,0,0,-90,-1,0,-1,0,-1,0,-1,0,-1,0,-1,0,-1,0,-1,0,-1,0,-1,0,-1,0,-1,0,-1,0,-1,0,-1,0,1,4.0,0,0,0,0,-1,21.4
48.4036793,15.5208838,432.3,180,0,0,0,-90,-1,0,-1,0,-1,0,-1,0,-1,0,-1,0,-1,0,-1,0,-1,0,-1,0,-1,0,-1,0,-1,0,-1,0,-1,0,1,4.0,0,0,0,0,-1,21.4
48.4018707,15.5208838,432.3,180,0,0,0,-90,-1,0,-1,0,-1,0,-1,0,-1,0,-1,0,-1,0,-1,0,-1,0,-1,0,-1,0,-1,0,-1,0,-1,0,-1,0,1,4.0,0,0,0,0,-1,21.4
48.4018707,15.5211766,432.3,0,0,0,0,-90,-1,0,-1,0,-1,0,-1,0,-1,0,-1,0,-1,0,-1,0,-1,0,-1,0,-1,0,-1,0,-1,0,-1,0,-1,0,1,4.0,0,0,0,0,-1,21.4
48.4036793,15.5211766,432.3,0,0,0,0,-90,-1,0,-1,0,-1,0,-1,0,-1,0,-1,0,-1,0,-1,0,-1,0,-1,0,-1,0,-1,0,-1,0,-1,0,-1,0,1,4.0,0,0,0,0,-1,21.4
48.4036793,15.5214693,432.3,180,0,0,0,-90,-1,0,-1,0,-1,0,-1,0,-1,0,-1,0,-1,0,-1,0,-1,0,-1,0,-1,0,-1,0,-1,0,-1,0,-1,0,1,4.0,0,0,0,0,-1,21.4
48.4018707,15.5214693,432.3,180,0,0,0,-90,-1,0,-1,0,-1,0,-1,0,-1,0,-1,0,-1,0,-1,0,-1,0,-1,0,-1,0,-1,0,-1,0,-1,0,-1,0,1,4.0,0,0,0,0,-1,21.4
48.4018707,15.521762,432.3,0,0,0,0,-90,-1,0,-1,0,-1,0,-1,0,-1,0,-1,0,-1,0,-1,0,-1,0,-1,0,-1,0,-1,0,-1,0,-1,0,-1,0,1,4.0,0,0,0,0,-1,21.4
48.4036793,15.521762,432.3,0,0,0,0,-90,-1,0,-1,0,-1,0,-1,0,-1,0,-1,0,-1,0,-1,0,-1,0,-1,0,-1,0,-1,0,-1,0,-1,0,-1,0,1,4.0,0,0,0,0,-1,21.4
48.4036793,15.5220548,432.3,180,0,0,0,-90,-1,0,-1,0,-1,0,-1,0,-1,0,-1,0,-1,0,-1,0,-1,0,-1,0,-1,0,-1,0,-1,0,-1,0,-1,0,1,4.0,0,0,0,0,-1,21.4
48.4018707,15.5220548,432.3,180,0,0,0,-90,-1,0,-1,0,-1,0,-1,0,-1,0,-1,0,-1,0,-1,0,-1,0,-1,0,-1,0,-1,0,-1,0,-1,0,-1,0,1,4.0,0,0,0,0,-1,21.4
48.4018707,15.5223475,432.3,0,0,0,0,-90,-1,0,-1,0,-1,0,-1,0,-1,0,-1,0,-1,0,-1,0,-1,0,-1,0,-1,0,-1,0,-1,0,-1,0,-1,0,1,4.0,0,0,0,0,-1,21.4
48.4036793,15.5223475,432.3,0,0,0,0,-90,-1,0,-1,0,-1,0,-1,0,-1,0,-1,0,-1,0,-1,0,-1,0,-1,0,-1,0,-1,0,-1,0,-1,0,-1,0,1,4.0,0,0,0,0,-1,21.4
48.4036793,15.5226402,432.3,180,0,0,0,-90,-1,0,-1,0,-1,0,-1,0,-1,0,-1,0,-1,0,-1,0,-1,0,-1,0,-1,0,-1,0,-1,0,-1,0,-1,0,1,4.0,0,0,0,0,-1,21.4
48.4018707,15.5226402,432.3,180,0,0,0,-90,-1,0,-1,0,-1,0,-1,0,-1,0,-1,0,-1,0,-1,0,-1,0,-1,0,-1,0,-1,0,-1,0,-1,0,-1,0,1,4.0,0,0,0,0,-1,21.4
